,review_id,user_id,stars,name,review_count,yelping_since
0,KU_O5udG6zpxOg-VcAEodg,mh_-eMZ6K5RLWhZyISBhwA,3,,,
1,BiTunyQ73aT9WBnpR9DZGw,OyoGAe7OKpv6SyGZT5g77Q,5,,,
2,saUsX_uimxRlCVr67Z4Jig,8g_iMtfSiwikVnbP2etR0A,3,,,
3,AqPFMleE6RsU23_auESxiA,_7bHUi9Uuf5__HHc_Q8guQ,5,,,
4,Sx8TMOWLNuJBWer-0pcmoA,bcjbaE6dDog4jkNY91ncLQ,4,,,
5,JrIxlS1TzJ-iCu79ul40cQ,eUta8W_HdHMXPzLBBZhL1A,1,,,
6,6AxgBCNX_PNTOxmbRSwcKQ,r3zeYsv1XFBRA4dJpL78cw,5,Faith,71.0,2011-03-13 21:36:16
7,_ZeMknuYdlQcUqng_Im3yg,yfFzsLmaWF2d4Sr0UNbBgg,5,,,
8,ZKvDG2sBvHVdF5oBNUOpAQ,wSTuiTk-sKNdcFyprzZAjg,3,,,
9,pUycOfUwM8vqX7KjRRhUEA,59MxRhNVhU9MYndMkz0wtw,3,,,
10,rGQRf8UafX7OTlMNN19I8A,1WHRWwQmZOZDAhp2Qyny4g,5,Blair,39.0,2009-01-27 21:20:30
11,l3Wk_mvAog6XANIuGQ9C7Q,ZbqSHbgCjzVAqaa7NKWn5A,4,,,
12,XW_LfMv0fV21l9c6xQd_lw,9OAtfnWag-ajVxRbUTGIyg,4,,,
13,8JFGBuHMoiNDyfcxuWNtrA,smOvOajNG0lS4Pq7d8g4JQ,4,Meg,176.0,2009-09-28 01:53:09
14,UBp0zWyH60Hmw6Fsasei7w,4Uh27DgGzsp6PqrH913giQ,4,Goldie,50.0,2009-09-29 22:24:04
15,OAhBYw8IQ6wlfw1owXWRWw,1C2lxzUo1Hyye4RFIXly3g,5,,,
16,oyaMhzBSwfGgemSGuZCdwQ,Dd1jQj7S-BFGqRbApFzCFw,5,,,
17,LnGZB0fjfgeVDVz5IHuEVA,j2wlzrntrbKwyOcOiB3l3w,4,Tracy,74.0,2009-07-24 14:30:28
18,u2vzZaOqJ2feRshaaF1doQ,NDZvyYHTUWWu-kqgQzzDGQ,5,,,
19,Xs8Z8lmKkosqW5mw_sVAoA,IQsF3Rc6IgCzjVV9DE8KXg,5,Dana,182.0,2010-02-22 16:15:28
20,vBK79c3_1Ff_oqkh5VpfGg,Ohhrhu1RkqfVciIVx_W5HQ,5,Ahna,303.0,2006-07-13 19:18:52
21,ZVvhc3Go7v5I8XTiVoWmqQ,WBpQDAZymU0dhIqXcACGNw,3,Ryan,117.0,2012-11-05 19:15:16
22,J-4NdnDZ0pUQaUEEwDI9KQ,vrKkXsozqqecF3CW4cGaVQ,5,Mike,120.0,2010-08-16 19:59:54
23,eCiWBf1CJ0Zdv1uVarEhhw,OhECKhQEexFypOMY6kypRw,4,,,
24,lUUhg8ltDsUZ9h0xnwY4Dg,RreNy--tOmXMl1en0wiBOg,4,,,
25,qS6kE7CDoDagyPZwmueJaQ,zoBajEyVA0z4IjbFsMJksg,4,Brad,27.0,2010-08-05 23:31:53
26,G_5UczbCBJriUAbxz3J7Tw,clWLI5OZP2ad25ugMVI8gg,5,Jen,17.0,2011-07-25 23:10:38
27,z0osLHDvXvzfm57D4DmD2Q,xVKE_HJ2pwUtTdLbL3pnCg,3,,,
28,DyrAIuKl60j_X8Yrrv-kpg,mNsVyC9tQVYtzLOCbh2Piw,5,,,
29,elqRpX9T3YwL07uLNtN3Bg,-sryo4gDYxbZ1T5Bz4l5Bw,2,,,
30,-P5E9BYUaK7s3PwBF5oAyg,Jha0USGDMefGFRLik_xFQg,5,,,
31,YbMyvlDA2W3Py5lTz8VK-A,4hBhtCSgoxkrFgHa4YAD-w,5,Heidi,922.0,2010-08-31 15:54:37
32,40thYphUgIfvJq17QCfTwA,QzCEzH3R7Z6erOGLr3t55Q,5,,,
33,xdQe2E8jR6pLA07p1aYtKA,yFuE8SPF-d1GXJUWYgKtzg,5,,,
34,p198qZsKOMCUhgdtRWsOKQ,3MpDvy5gEdsbZh9-p92dHg,4,Cassie,621.0,2007-09-18 01:52:52
35,L0jv8c2FbpWSlfNC6bbUEA,bFPdtzu11Oi0f92EAcjqmg,5,,,
36,rj0asGlfKjlXH6iEgu-jdw,wA7V8Ijgbv-16rmnwW-hjA,5,,,
37,pHwbdway4yeI-dSSmZA7-Q,qEEk0PuoH1dVa619t8fgpw,4,,,
38,JBWZmBy69VMggxj3eYn17Q,aFa96pz67TwOFu4Weq5Agg,5,,,
39,E9AB7V4z8xrt2uPF7T55FQ,iYY5Ii1LGpZCpXFkHlMefw,5,,,
40,mO398Ed5dpv1H5ZsKc8KXw,yobeeTUBfaTBcnk26mXNuA,4,,,
41,RB8UpF_kT2xoOC51OzXEeA,EZjT2qJN0mOXypMAqZdSrQ,2,,,
42,YcLXh-3UC9y6YFAI9xxzPQ,G0DHgkSsDozqUPWtlxVEMw,4,,,
43,qGQvUHmC02PAZW3H1WTIfw,RRTQpg8hutdimzAYuP_Hbw,5,,,
44,jC-fGfx-YLqxVBcyTAd4Pw,EBa-0-6AKoy6jziNexDJtg,3,,,
45,ra9fNjYUumKp_iaqv-jjDg,l_izt6hn7oTxalU06mSyqg,4,Josh,179.0,2012-07-20 13:27:12
46,Ki90-hauSIfW_7sBuBBqfA,Z2cOL3n9V8NoguJ-uU_Nvw,2,,,
47,TcCcHzc3L6Aboq3DteEfZA,OuatwND396ZQxm2zK8WlUQ,1,,,
48,A4n4YaE-owOVgTQcrVqHUw,S7bjj-L07JuRr-tpX1UZLw,4,,,
49,cvQXRFLCyr0S7EgFb4lZqw,ZGjgfSvjQK886kiTzLwfLQ,5,Ali,494.0,2006-06-12 15:07:55
50,yCbzm_d4cHpfUX00Ljvgmg,bHSoye7R5cL-LVWLxtaxMg,2,,,
51,r2IBPY_E8AE5_GpsqlONyg,IKbjLnfBQtEyVzEu8CuOLg,4,Erica,800.0,2010-01-02 04:59:57
52,cejwyz1Hn1yQ-v2m9PAovQ,9ZLpaBGl-udvS-niR3Y_ow,5,Katie,39.0,2012-01-10 19:34:24
53,QDY_xE91MY9O-nzn56yHxQ,enaHB1e956thdnafcHVAig,3,Domenic,408.0,2008-06-12 13:15:51
54,rV6AWGN4rYORMQY8dVP41g,dKoIp8vsKFH4cbmGSYy2IQ,5,,,
55,EoN2xyKvTTn9B-z1grhYxw,DBYhpb5hrAYgQjQaMhNYyQ,4,,,
56,2u5Skti5mZam_-XTKPelvA,IMd3NQbclta91pFKk3AJZg,5,,,
57,mCVyppNwK2qPOJHXgs0p2Q,mNITUu6B2wUKBOa4NmUHJg,5,,,
58,dzNxNW9XpJiECE-bKATezw,NUtIAX-ygn474tDg5nmesg,4,Eunni,234.0,2012-02-02 04:23:47
59,nAE4IGJMRxDfas0qYabMWw,GtqEcbHF-WTfKlms9250ZQ,4,Luis,75.0,2010-06-25 16:56:16
60,DWbmJF84jRrGaJRmlSSnYQ,aWlojpSpzEICTza3RgGJgg,4,,,
61,4zopEEPqfwm-c_FNpeHZYw,JYYYKt6TdVA4ng9lLcXt_g,5,David,338.0,2011-06-29 15:45:21
62,-7LkjSPzfVgnVpuVuRuOow,uAu772KpSkb-tPFgZmU-lA,5,Susanne,286.0,2008-07-14 15:43:30
63,67cGcRrS0jTvB8p7rpaPew,8YSxVaD203mE_9FR4nCEVA,3,,,
64,qdzNocGBnh8U-cvE_N8qbA,Fq7d14GDAsGjDoojP_ygOQ,1,Joan,15.0,2007-04-22 14:39:59
65,Ti6y48ya3syOndm7teSjcg,NGTzj_44YDnPDmsD45HWeg,5,,,
66,4KpIldEM-tdnrJLqYzRfZQ,Z5j9Xw_G0c7M2b1-iS67wg,5,Amanda,392.0,2011-07-16 03:27:15
67,Ad91EzbAGRCR1SwkPfZJKg,LWTvg7RlyNLXIf482tXBPw,5,,,
68,fGYcFOHfQL4stYPdD3J47g,CgyCtH9CbLO7J_uO3cL7OA,4,,,
69,Lk21QNbrI_e3nf0GvWSPww,bCla27ma_6i_QFrGkILKrQ,5,,,
70,HuWEnZr7-0HveaqXxyywgg,Eb8LgZArKmW0KgW6lTni-w,5,P,23.0,2009-08-03 21:40:15
71,aAcQibR3zWOvk4atbCM3SA,7P9w2PrP4ZcJyDFwch51Ig,5,,,
72,-up4mW6WdqzGrRh7t_pLmA,xbybLiQockAzC4xAlzFrGg,5,Christy,127.0,2010-12-13 16:10:30
73,PDHRlnEdkEcwATry4w71PQ,UsBxLh14sUpO8SdeqIiGOA,1,M,37.0,2011-08-17 20:26:32
74,EZarjNNbO_2yH1Xbizog9g,R_W9WlKiA56VzVbRzTULQQ,5,,,
75,ymhbOMW63B_vGaRFR3XT0A,yZdAhQ_KmKuCZmbBy9YDQg,5,,,
76,5GGfWhVGmubQLmbVbye8vw,B6G4f3UX1Z5_CpyV1xXm8Q,5,,,
77,_UYXYxRRnZtH-dNJZEkMQQ,wp-uX1pnNjAIDBNnQxz1ZQ,5,,,
78,zRIH5eDA2GbynjZPrk8dDg,07aVWNhBhpwqW3MdqoKDKQ,3,Laila,268.0,2010-05-18 14:39:18
79,5obXxR0b94b5q6j1zYCAzw,3inG_FUhm28tUJc0zZ2fCg,1,,,
80,RGV9GWhAAfAAlYyd4vho7g,Zs8Zk3sgh5JxRmoZW4PJcg,3,Sarah,155.0,2013-01-14 15:27:29
81,7rCsR3SARVF3vXNiw_Csgg,mmdf_Fi-Hh_3uZN5zE164A,5,,,
82,DOeEDBfsrNph0ktNkYYFnQ,qVYilGRmY6uemAy_tDpfuA,5,,,
83,JzBhoRVecH9pO0BBiJNQqw,Pbry-b9xBgHlWlbGlYbTZg,3,,,
84,meGaFP7yxQdjyABrYDVeoQ,_jaJDV-qTBafatbObmtzpA,1,,,
85,5M9fBQINWamyQPdJ7OQkeA,kHmXUEOAsIbguUrPoX6Tkg,2,Jacki,236.0,2009-06-14 00:48:44
86,gmVABJ9ctuispKPC7S1AeQ,XN1ms_EBRYMF5GYSjfUHDQ,5,,,
87,tXHWJWnTdrraHGUqaPWj3g,zKAHSNzqvwsyoFCw3QpafA,4,,,
88,GK5JEpizD-nDGXsJUYVLTg,9QpNZ4-0gJow6xj-6OZe8Q,4,,,
89,r1tPwFMILy0COeEQ-B3YLw,3M1_pyDSgMP6sRMz564eJw,5,Heather,2.0,2017-07-02 03:30:30
90,byblHsbxiqb1pC1cuSfslA,C_2mNjl-doRVvsL03_T57Q,4,,,
91,xumAI7br1X67OY_bU_Yqhg,jEmClJb6wjfDUksVMO_Jjg,5,,,
92,fC415u9adP0Xtamme7hcCw,mEOMAeEonZoUx2nPM3v6fg,4,Lacie,117.0,2011-05-20 02:14:00
93,onlgwy5qGDEzddsrnIvtWg,pYXeL0RCqus2IfhthYCOyA,4,Debbi,193.0,2011-05-05 06:51:07
94,FMFZoES5LfumuwhsZbIDlQ,4ubLHlnMFFw4JikcXr-F4w,5,,,
95,QS7CuOtFLuS3dnwKHRtSYQ,PBnEwGVCBL0N-bET6ZI6kQ,5,,,
96,4PHFo_GRG4FEk1q4X7xQVQ,jbsCBG0A-3wVDjrKar-0Wg,5,,,
97,1c6sgLe07HAhipebsQ1wgA,ZRXvbrutBBULaFS6T9NCwA,5,,,
98,PPgbLBvi34A6m7bKJfTwhw,3TL6HZ1JrKcNTvGDWKlrow,1,Peter,201.0,2013-05-26 15:03:55
99,gImS1dtA_TixEouDfp2o4g,xE7AXFF9wVaN6id6OCtH3Q,4,,,
100,jSoo6p_GpvYRHG2QK6WE2g,EfG0nInFMbiO9Hy7A6B2cQ,3,,,
101,pl5AjpEcFxFTltkBvHjsRA,YjS6MDNwGbueb5WtALIJ2A,1,Billy,20.0,2010-04-18 17:59:37
102,8GZbCEMxrbqmRinDbfHWVQ,OkjeFppodgJP_CvB84cJYw,3,,,
103,D3GVEsKHghesOV5wdZOwRQ,Zp1o52IRl92dunmsfiT96g,5,Shannon,354.0,2011-07-03 20:11:27
104,L0E_Ld__jIATsQ1vA7ZGZw,Cvi8nZTwDVaQkqmmgQwQMw,4,Diana,320.0,2010-11-04 15:16:49
105,9IG9eB3K-RdIonPBuZ0psw,t2IL-HIXQKd6iZ6cIY8kcg,5,,,
106,OlaSUt3bA66VcCbVHhR0oA,CbJ3Z5iL58ufqDhYWJFDtA,5,,,
107,QsuwAldo7cc94nJxu6xKWQ,U0aN9ar9YI24Oc9JshTrDQ,5,,,
108,yyrMqY7sNp5gT7KJ1AaYWA,pitYOVSsF8R1gWG1G0qxsA,4,,,
109,OJO7m2zn3LAr011J1I7ppQ,JriXL8qqw_tJ1mpwtlBabg,5,,,
110,SpmKsFnwg35PTgCVujOOJA,RiQWbgwR-asiU_mA7s8gpg,5,,,
111,Bf4LKkVzGvEKM-rOyc8M_A,3rSKIFAWcJ-0jkRJcJgX1g,5,,,
112,f1rzB39-cvLf0ZUgLbgQGA,kzxwFrLA0fyhP7qKzkRopw,5,,,
113,3dVcGYz6GokuEytLrfG8bA,FEI0XkOrUHufSW_rfOTPAA,4,Steven,25.0,2010-05-04 12:57:07
114,I1rcoz7_p4z2hXjpno5RHw,xjDZnGhK76PQkcVzO3dcWw,3,,,
115,zcj7iTXdSz0GCBOReMTeiQ,X8XCFMZN8pFlWEZcKuKzZw,5,,,
116,bed0N65L9E1GyiNsI7BOqg,c7g5fn6R9TfPECxFrpwT_w,5,,,
117,uGJubhANtj6sfP_xz8LeLQ,1EecTw-Iojid62ySMMl5gA,4,,,
118,vZNDuj4a8cFQV9t6-FijSQ,N0T91y4L4Sou249K9uO_2A,3,,,
119,S4nZgOgiv9w8MOiaWTpwBQ,8fPlzYWo0j_nQrJMeyF0Fw,5,,,
120,xS4qtB70SM-q7kX7smKlRg,_Y7-za074Q1sx6t6EucTwA,1,,,
121,jazQvYxoflZm6BBjmh1gZg,_e2wv_nRna0sZrk-Wqd48Q,5,Chivo,14.0,2009-12-30 17:59:54
122,O2QGOa66t5BCYDvxLiOtbA,ysU9kNZiFXY7MrFWVIUaTg,1,,,
123,suMtrxm_nUiAQMu6ZfG5Wg,0Igx-a1wAstiBDerGxXk2A,5,Jen,2733.0,2009-01-14 18:31:29
124,e4H9r1BSvBGAVQ-HvelnhA,1wN_Q-1fg46ZomOzf2tg5w,1,,,
125,quiZPC8t-iZs1uiMA1ovEQ,TTibuRAx2gxu-nVAymFijQ,5,,,
126,zM7u3iffMjniyvQAaN9Tnw,QacYrFyCrFLmC726YEEBsA,1,Guthrie,28.0,2011-03-13 16:38:04
127,940tqxFO4Pwg_KMg4Y4Z5g,O6wkgoJqU7KMjleSlCDGaA,5,,,
128,LDuli7valYv5N5RVFWb70w,gBMkHgFw89N2cxkgPk0kPA,4,,,
129,r-PjI5sBvNoBekk5mURNww,uzy_KYIZx65cp7Yh8_seeQ,5,Cheryl,32.0,2011-09-10 18:15:23
130,LnKr0hwejzl71QmoQyTRDQ,7RU_xK1tEGlUvXfe0GvtEg,5,,,
131,VDn0TqsdpxbNUBZEXkakUQ,16_EZvrDyxjDgxq6OUdbhQ,5,,,
132,1sZkJCitG9-XSlZQJJRs-g,OkN7YI--lQnQhJNdpNubFQ,5,,,
133,RMho6HMpdec1YgIypwWQrQ,SNngOVGTkD34B3FAFnMv5A,5,,,
134,mSggForidMf0eUaK-Qnnvg,x-LrGPXN7WFX15Qk9B6_YQ,4,Lindsay,220.0,2011-06-26 20:31:01
135,WHBZtv1ZabwX0r-alDjA3g,x1qKiRxnPLf3JvOsUAsv_Q,5,,,
136,rGI8UdsEGiGeETFiu1VK1w,WJnyWEe_YK7JO47fcovBVw,3,Linnea,131.0,2006-10-17 23:25:30
137,UrGHZY5-pDs4uOP8SFPg-w,Nsm9V1s8JQyuYsShtiwplg,5,,,
138,zqmkEnp1kfU2vosDcG2kMg,KqKXOl0PMlZGBMlw8OUpyA,5,,,
139,WcCEk3Q7bgIynzgq0dgTNA,n6rI5T6klu0KCz0q2tS9Ng,3,Steve,14.0,2012-09-03 20:24:10
140,27CYrDqJIUjbOLNeKTfjDg,k3Q0ZcVuMdvA_9iDcSDWIA,4,,,
141,M2uQZs0rnlUijHSmGx4zHA,o4tYl3Hz0oDfpNn4k02DCw,4,Sandy,1708.0,2010-01-20 16:22:09
142,1TsJMk7OT7MUSNLQoFc2wA,8dpPXJj1JlOE4acEcowUfQ,5,,,
143,Gczff1Qxg4WVmlBLPrZwzQ,cpp89UW0imv45y3a_O444w,5,Erin,62.0,2009-12-17 16:49:27
144,k7HWRysS3ICXxzhbddCemw,Vn8iqqu3T8QkmOlyH82zDA,4,,,
145,pJRn59F_lyNO1zT3TCVd0Q,TGgfqWnUaCf6DM7TLuNhDQ,3,,,
146,WSeO-PP8yxmUs8ts2myRzA,W7c1eS1WpxGC5295iJpuTQ,5,Jen,32.0,2010-08-03 22:04:54
147,ypFqmURIY41F4pWaMW1VrQ,hToW2eoTAYlOcuNz7I73Cg,5,,,
148,HME_ksGph3se7Aze5hxa-Q,kSMOJwJXuEUqzfmuFncK4A,2,,,
149,Rtw--aLDMSvk4y_WxV-ZUg,-4qgRjqx6fdCAeewTBEWbw,5,,,
150,2EjmDJnE2z5_lAWyV1rd4g,7Ie0VmQtnGYUVq2YW4dTVw,5,Kerry,182.0,2011-02-14 16:54:28
151,HpwQOIy5IgQwHaFAZVUrKw,EwoCJoV29tB-yAWJnZqJZA,5,,,
152,UD0AKHQQHSzYsbCkdM7Xrw,Au2RZKzmrr75h2bBpb60oA,4,Stephanie,17.0,2011-08-15 13:51:06
153,-pBDXBop_8v1dKk-BBpyzQ,YW0CUT7vA7pqn2f6aL8rlg,5,,,
154,bi6GaeWDGceGv62lXTIKQA,RgtbLaiU22zqaCk20HgbiQ,1,,,
155,rHrhsfMGmYfCGiN8Ul02qQ,x67HAnA_-ukgw9qwyMVOhQ,5,,,
156,hOwlMPilziEHtyuKpf4Rlg,ubOMW9s0Bhi_GGPeG8Uq7g,5,,,
157,TgDp1TErom3UNglKhDy2uw,zUB7xoTlhbg7_ofHg8Qp0w,5,,,
158,LF5UQBZuqjU5B4kTVSIKGg,FsvBdHsES26G0LB2MQZcUg,5,,,
159,A6RyprhBtUtanSuzPfa0wg,88Z1DbloWrT7g8GA5qOrng,5,,,
160,Lj1TAURE_hYtPW3IlhKWMg,tWJoKvHynA8h8dFXUExekw,5,Steve,64.0,2010-03-08 02:55:39
161,wsFRDsHxz2mM_Ettgn1qQg,x8ErSBur0SsnL1lZwP5o4Q,4,Shari,25.0,2010-04-03 18:10:17
162,d9j7KC7FTOkoI_L-iPIsDg,E-2aaJTr0Lup35NGhV5k8A,5,,,
163,xilt6zGZ3Nqo2_fogn3jjA,u1cvQWB0lB4YsIbtSlUR7g,5,Barb,150.0,2009-11-03 04:56:21
164,Kyv0fqRZTR1lKJ7YafBsIg,anHIxWzKb0mwOWTTfk8OcA,5,,,
165,hVs0KrkaRNaxmH2GQm2qLA,jcJGCNrEgPHsl7zkvumq2Q,4,Jennifer,49.0,2010-02-10 23:45:06
166,0-lnwfRh1GA1Lvu5RRC9Cg,xXYNgEWnjaim2byFGLex-w,5,Tim,36.0,2011-11-14 02:23:33
167,-b1TKCO3GfYyXXvtDQq7qA,cD2kobXH5ozNOjAMS5yuvQ,5,Cindy,3.0,2011-12-19 04:02:03
168,_yfUDZFGYfc4Lmq2l-U7ZA,jVVNbLCq2PaxMYtdNkxWGA,5,,,
169,LO2C_mywzQy5BvdEeONR1A,jvURGq9nyZkTF1KuSaZC_g,5,Joshua,26.0,2016-08-12 21:16:32
170,UanAtEVU2kZ5hYu9h41MLg,mpqQv4T4iDJRVr4a2tZdHw,5,,,
171,q22lpVDGRGiglEUqjdbA4A,8BWSevPgwWzMwqu_K-AdfA,2,Josh,43.0,2012-02-20 03:42:02
172,nYFpOY84gzeAz7ujVP8oaw,_AKBxw2s3A-8Y8HC0jJRCw,5,,,
173,p3UM6VOJOGuY0iTxD-Topw,amIUTkKQlA4464-lJlwlaQ,4,Cathy,115.0,2011-09-03 21:58:05
174,RdeS7gqrmVs5kJtazzVr3A,_cdKam8UxhoPni6YwP1LQw,5,Sandy,151.0,2011-06-04 15:13:26
175,Ki8OQZ-R7aift5Bh_jKdDA,rwkX4RSRUUnyckMNXtQcDA,5,,,
176,x-1wBBwja9l2Hr5bgqsG0A,L-2Qdi16eMRbATGDP6ADHg,5,,,
177,cCs7yPSyk8NdA-Ufoz_7hw,FodM8aoGMQO2zsQCQxBTYQ,2,,,
178,_-D9UYciNNTIe6amQAsJUg,MVuNw-mO5on8PpO_I6QtKg,1,,,
179,LLzom-2TITa4gasV7_fCCA,jrOeN_F9lz5415C8JLUKNg,5,,,
180,EPhqAu_YQLJEvKox6WrzDw,SKdBREFOemB3ORmzeDJ3GA,5,,,
181,qsjMCjaEW9UWyzAw4ujWcw,PCBxQaoILfrsmEg9kpd64A,5,,,
182,H4mSxGeKTv4VFcc9YUmtpQ,oGV84fsuRbLQRRQ6ZZC1dA,4,,,
183,a5JHzBrWxRd_OmIvV7znDA,04JlTjJRbcv_kS9xVPhOdg,1,,,
184,-xM8cH4AeVzgTJBQHlxfUQ,ZaMB7VbOwaARjxdhXjODxA,5,,,
185,M7h8K7PrLrN8yQb3RhHLdA,CysTz612pTix75Fye6-D4Q,5,John,44.0,2012-11-16 03:37:47
186,Pl-2SFJtkiYnzWN9IOW2jQ,zbeZ2JsL3Klt3HhNzQam2A,5,,,
187,tsK04dlK87ia08UxWQk3Tw,pR4DDFXqNylSNAcmTaPMyQ,3,,,
188,NvusujU9_5pIUbn9SZ6hMA,nbVYXmDUO6XH-wvhY62uvg,4,Matt,1.0,2010-07-19 02:11:44
189,vdtWa5Ym9ImeMMOHwnIfrw,YRFeRq--jTV6G3HMgesSEg,4,,,
190,X-ibMbsz1nWAcetMERluBQ,6M7PMBWbBcp5VZ84AY3EFA,2,,,
191,pBN8yjaejKMzIWQs1zIyzQ,ZPYPQvM1DMZB39oQ9WlDgw,5,,,
192,dEVDg2FyOR2sJnbR_JcivQ,7zJVt_Bl1h5hLjhxl2c1PQ,5,,,
193,AzdHQW8XWh50wDxryBby2A,lj49AbM3BGC5Z_eyVRMnlA,5,,,
194,_u331rYIp7qJ7aWvLup9Ug,BUpAhzsbbKbTqyBjT8YnNQ,5,,,
195,c9uUji8cUjVqkMisIfHjyg,zMeM0HTnNfjBffhgm-3EBA,4,,,
196,ZNZMWPfPdbbM7dhZlIpoFA,zq2nd0H1dVzi3bta4Zepuw,4,,,
197,IJCYT9dRjuBvY-BJufFnNg,hWDybu_KvYLSdEFzGrniTw,4,Bruce,16567.0,2009-03-08 21:47:44
198,clKHv1f5cIsaJVJPdKKHZg,f0fqCwb_QAJUPm-K95Mk2g,5,Ryan,272.0,2012-06-20 21:45:44
199,cOcKS8BQ7yjOJPatqK2OOQ,Lc5U0qetusunJZ0NgNO_Iw,5,,,
200,HSjRz31mvRBQRo8deXrr_w,K-3kF5Wc3b8cOHTAJpV9tA,2,,,
201,kj5pjfid6pUP818rF0q6GQ,dWTrJdEPoZB8LkOPv_jxsA,4,,,
202,JH6ICJPlTj0ASN2THlnP0A,_bWkbDmhgFURzQ6VsULgtQ,4,,,
203,pNvatA_7ffu_G6wETx8ELw,NTNitC54luCRbsr0w1W9Ew,5,Clare,75.0,2013-11-04 20:27:50
204,MyGhCZTxjVx9izvW4vIHwg,QJ-ikvhuRcigSCAWJTrnqQ,2,,,
205,sOIEFZMEzb055tCO_tBSvQ,1xS8Jj23zHx8axIVopG3wA,4,Jeff,269.0,2010-06-01 22:00:55
206,VJlQHciG-ygKNX2zjOgz6A,0axTR4jAVbgBZmH-V12TlA,5,,,
207,WPQ9Wiah4w38a6SDCPCOlA,EOnpy7DASmh3S7HkgqyhmQ,5,,,
208,651IreQ5u5j2WiVID_HK6A,Zn8uhC3DjoKjjwBiuM8oQg,3,,,
209,dUkUiVjwb9xCF1kMqjT6nA,EDPlya2Sfu0teqreA3rlZw,2,,,
210,77s6wkAr2F7ZQ00NYuzsvw,ftRgzVFzv6-TOCBXEOdWeQ,5,,,
211,RgonT2qGpUte6RFpoSSxuQ,iaLZ0oJ3sqCpnW-PY5_i4w,3,,,
212,3TN94zDi9V9U2jsljdxAew,7NHf3QgyGlZ_9pwdWLFdhA,5,,,
213,Oqh_qiy0kUEYY0IScSYTaQ,dCOonQ7Md1ooief37g1SHw,5,,,
214,VE11x_UNVxri3ZHTzcG2jw,R1GU5Q3aw7Vkw5HvqnGSfQ,5,,,
215,YS8WO_OW6oYFQhH85aRXew,I7ugU8kU4bPh4UL90yJanQ,5,,,
216,g7MfpJGKQUGowCvIcrB91A,ci7Q6NvXQ8UZrBHusVX18g,4,Gary,1289.0,2009-11-18 00:02:02
217,4VBh_hoFiDly0vJffgV_JQ,XLd5uU0OLOnogy_kefXslw,5,,,
218,ep8FfviAfqHNyhpW6MQ2jA,n-lBS02-3yvlY5Q91mmwDA,2,Zachary,353.0,2005-07-08 06:16:13
219,N_Wx1OLMrj219D5nUMqtQQ,dEvFqqQImRAaE1dT5wYMJg,4,,,
220,BVJysQgBmQlEFCP8ySHGjw,0rZEWmL2rccd-N5VMzKLiQ,4,,,
221,mUMveMkONaNYXmNig65xhQ,iwxNSCgu-lEXtLSdPI4EyA,5,,,
222,BiETNEHMCcmUWQDJMHQQqA,GNPPfbW6VzB3wjo5vPO5ug,3,,,
223,PvZvLfodXgbqqZT2q65HwA,h7GOqt1KOIoZhhaaIh6zbw,3,,,
224,09vSgWVConpnldqbvNkIRQ,QWaO0rnhQ73oDaxiE4YnAw,5,,,
225,i8nVcu3u2-e0szyCS7PY1g,tGMnQ1EnvZqpn_jAuN8VsA,4,,,
226,er-igpuhBprkQPfct63ktA,4mbLmbA-thaDIZTlgxsaCQ,2,,,
227,spcIXDKR5BV5QCI4GjjEeg,4aM21WsPaP8SUmx9PB-6aw,4,Tyler,8.0,2010-11-11 14:24:17
228,fgreXhTAyKbGiC0f9ZLd0A,0VMuCPgwZliInxGWfJnxKQ,5,,,
229,mMwnX1vc3tQUeDNS2wiKFw,f10WH1fXhy-68r4AEEhAWA,4,,,
230,lt-tsizQin_wNCkQv71YPQ,qWSAH4MzFbHV6UsseJVlZg,1,,,
231,XDvCtch6U43HUNuMLHSxHA,AGyh5jnM0zrIElY7aZQafQ,5,Aod,30.0,2013-01-27 04:12:48
232,dQ3EU6cevDqHAr_ygy1O8A,CNyXcn0c0V5CFmigqqw-Xg,5,,,
233,JfFODAip9Xsz-eXKLSjwZA,0XmgOinrZWNO15DlimRQeg,5,Johanna,139.0,2011-12-28 02:24:51
234,u0uSYPl0hYpNLGKKeINvKA,42ZID-0WVKEX1QFMEIp09Q,5,,,
235,vqmhsvXK9z4TTvnVDNpPDQ,ziNigH8BY9gRDvrmSsJTOw,5,,,
236,sNm9Z4zILQ8HoSiYis-1kA,FqnSr3rWenjnF9taWyiHTQ,5,Dayana,23.0,2015-10-16 17:44:54
237,WaeKsvHUJ8whjBlWjl0kaQ,yyxEa8y4HGij_m7g1wDKWg,3,Eric,82.0,2009-09-01 20:43:22
238,xqp0pnO0PfBkaFRNaVImYw,c35f8FumQy5045zFbIir6w,3,,,
239,cC79tWLtH1U1n-oi7EozMw,FNf6kM1wfeBeB2UW6pif7g,4,,,
240,w3w9VSu2MGL-hI7rZxjZQQ,jlT1qbzpfPQ9xRI_CBw6PA,5,,,
241,uIH6VgS_CzqyRrcoOPTZKg,4hO4sWWd6Y8BisPg8Pj_SA,3,,,
242,6I8MMW6gsBWSWNXFf3MUdg,kQWfYLrDdaIJ4KBV4BrrIQ,5,Amanda,184.0,2008-02-02 01:37:59
243,uwPhE21CZLlp1kkSMPvvYw,5OnQqP3q2_9auNdDKpLdsw,3,,,
244,J4bewYavb3HEhYkEOc3QFQ,6n4rordXMXornGniNGppkQ,4,Jamie,28.0,2012-03-13 13:29:53
245,mRnYZes0nj4sr8DsE_gWMQ,FuTJWFYm4UKqewaosss1KA,3,Roger,269.0,2012-03-16 02:20:55
246,Zb_27vX8weaYyDn-_2ZhVA,5C_C7bd6rZYgiP4puQxESQ,1,,,
247,QgWZ1JJwSUUtakVoaLD9Gg,L-FS5xwHyvJINnt-QvuR2Q,5,,,
248,ZvBuRS1nyS3F6nYFBKNNpQ,vlXbmvWwU1X52LHCEmjYyQ,4,,,
249,fN61JUR5bM1NBXWYczJ4aA,h_WJ9jf22thDw10b1KL-cg,4,Kristen,143.0,2010-04-18 21:19:24
250,Vou3XAgjYJBuCO_-h1OQaA,M-00xuAOYLeaGEhPmmKjfg,5,,,
251,bVgpM_sA9AMAlL2R5TPNAQ,8DSuxkm7SyX9fgQTw2tuaw,1,,,
252,ymir0baPnU0rYEo_VBZxvA,duJnzlaILBFufu1wjyu-Bg,4,Kevin,42.0,2008-07-17 04:33:27
253,6QT1guUN1loMKUYBoV0RrA,lbDYppQgGowSJIeD3xS4eA,3,,,
254,Rm43fkKvgdpi6C3e8FyrzA,eHIDCdEzbZW4tHk4Iegwag,4,,,
255,YmDYCDkRl3cof1yGdllW2Q,9oHOoqk-HlwDS2DlHLi_0g,5,,,
256,Oc7hdAWcXum2mRgb5f5NNw,i1jYqpHfyu2LB9c5zezLEQ,5,,,
257,6odPSjoPWOyeDQpgJbdGaA,jLr7vcDg43TqS2OK4ROvPQ,5,Henry,25.0,2013-12-26 00:52:48
258,b8-_q_gr-5zplgCwNhvSNw,wXDx8h3Onte6NbhX4KxHXg,3,,,
259,AdGd-xcpJF4C-zYduRM03Q,2XBcnIVhp_pEeer-asuxHA,3,,,
260,9YtDeiEdfrnRj1ykyp7Utw,FP7w-DB7x_cFovMdRbVCNw,1,Jax,87.0,2011-07-22 00:30:07
261,gbK7d1rp0tLKPS8oMpKFNg,oMNtNOXYFN0qdSCSfOfTOg,5,,,
262,KZaBBKr4uWWK1TpqiBMUMg,2khAy7DTp3dUmeDJ4ZYw6Q,5,Bruce,149.0,2009-07-04 17:52:17
263,wEfzqOfbwn4Ohe2ZDOLAzw,VMtyZjaEJB9nfmjr4xdVlw,4,Ben,98.0,2009-07-23 14:28:48
264,qlR5VtoMmpOLr_rGPFooAg,waeBiwKzNlxZtKcv2Er9VA,5,,,
265,GY2rCySJI41AXWMXvrDTJg,nnImk681KaRqUVHlSfZjGQ,5,Carlos,1107.0,2006-07-18 20:46:04
266,Bs-7mL55P6zwtc1wqmWE5w,_plGpsYWXJI6ikZKhkPVWQ,5,,,
267,UqZyX64mgw1vJ1ffnxODjA,cARxOd_5yKCgsCbUZ5ED4Q,4,,,
268,W67uN2nO0Tp22YMoano4JA,uk3BRgBic8h6rekz76xxAg,4,Jonathan,45.0,2011-12-01 18:09:33
269,Mjbwb8HzZvq1m-0-PH0SJw,uBb5_DPYAXPYXvs9uhmGzg,3,,,
270,PVHbmXoXeuiO5n5hRJJ_pw,pC5grBgbiPIE0sa_z-NAwA,5,Jason,24.0,2012-02-05 22:33:20
271,B_O-c_YGiNRXFk3yGzYhyQ,LNHVcCbz5L5IfzR6aI67Dw,1,,,
272,8AgD3lw9bQUjxO4l86ErsQ,Dhx8SumsYQ0Tw0Zjsplafw,5,,,
273,SsR30MKLikZUazS1L2ADfA,fS6uDSnfwYNHkMOWXQmzJw,5,,,
274,SFy1mkQaiYFrWqoeBXHr-A,5iLTCZo9-YJgdwvk7iM84Q,5,Art,92.0,2012-10-01 00:50:57
275,E1MoAVCzLAnJX-rYwE-Rtg,iZqgOItc6CcSApUsidKKhg,5,Rach,45.0,2009-05-26 03:49:01
276,4B1yYB3bozpSl4OqqhhbxA,TzLHcrnsLraxCPQ3Nv0eKg,5,,,
277,CdasgDuJmAJYRb50sgzQEQ,2DhNGmmyDmnZdZps49U9VQ,4,,,
278,-Lkjo_vV2DEemMpMBlbeHA,g9fWvUzGBsKtovXrHM02uA,4,,,
279,yRFEfsJxqHMA0DMgTCL1Xw,FLGFtGbXaUo0obR6lnZA1Q,5,Su,132.0,2012-05-21 14:49:24
280,t3SWA33VyH353uoE6UAe2g,E2CuwvUZdhvrAvvNdmmN8A,2,Duane,694.0,2012-08-19 13:40:35
281,eBrVkzHhHKZxyVS1SPKbJw,1PJ-RjMqXHeymSkLRzuIdA,2,J,1556.0,2007-01-21 11:19:18
282,2gVVkSbDtMuorKG9q7kSQw,KhHwhL89YnbEw8RNM03C4A,5,,,
283,C63d7kiqdlTya-2pfKmong,5zVOhYaGoCadhC55eJ2r7Q,2,,,
284,rAPjnkSsC1ryIPILxMWAfw,QaUCU7y3lk0UEpa1I_x8-A,5,Melissa,12.0,2009-01-06 08:20:16
285,N4ENha1fR96wkGPlftezPg,w-rWlc4l1T6Q1GKzdNZrcA,5,,,
286,91uC4f0aX4ycQTDL5Hq7Mw,huHPQSQgw4kFakc0Vq7TDA,5,,,
287,fwkS8EOq6mS5Jf_OYf5fZw,62chMGLC5sW48gDBsm_aSw,5,,,
288,RC8D-iY19aZFHXUHaS8xLg,11xwVSDv1ytjcyvUiyBWaw,1,Dennis,71.0,2010-04-15 04:17:48
289,LQO-g1dRDTzdX6Yxr_RTig,Wbuln6K4xlwyj5WMoYdjNw,4,,,
290,2_NKFcHlU7MAeWeGksTLKg,BBTexIhkFIYnS0rd56vsKQ,5,,,
291,dTr-7y6FCf-EUgvAt-XYEQ,JW_742Kc_BeN-tvACR88ew,5,christy,232.0,2006-09-11 02:04:10
292,ydXJhVuaE6r7kN1niSqA1w,iyocBf1XVHvsr3SZMpfSnA,1,,,
293,NyJwwd6Ylajd9sVAaIZ9Iw,s2Bm2i1w24_xgBhPw9xzlA,5,,,
294,lLc72XgWAGoWXVI3iGydRw,vr-Rw3nMKIgGrVNT6A7p9g,5,Jamie,554.0,2008-03-06 15:18:14
295,BIrLDhcGSnGoj7tRz4pC4w,u8YXsT2UCNlIlGHS3LAmPg,4,,,
296,1WSjTfpqwIDCbnmzgeeXcQ,Q8NWwNvFIXv3ssBIqElJiw,5,,,
297,AFBxqbyqu_rWk9Ax_-zesg,d0FbFaZuJWfai0RYsUS7qw,3,Katrina,155.0,2011-02-21 00:24:31
298,NzvlG7XNjk5cKaCPtZa-eA,3F9mJBT6zQz9CaNo4bAr7g,5,,,
299,22n_UbOS_iqKKR3IrYhNGw,N1gb_Cx98QrcfA4CPrkY2w,1,,,
300,IJu7uqPm3fqt80QZuyvi_w,jZBLCGC77S5y8xDEnHc0jA,3,,,
301,5wPq_FqKNx4NSdjW4MDCRQ,jHcTMCmyetM7HSC7weQTlg,2,,,
302,Vb_BsacvTvDXEZiWVE6Thg,Eux0pgbEJeeVGaJiTbJeoA,5,,,
303,Is_4BTKGJTHxLGKRxLD_DQ,V8P2-U2IINNHzALqjaN3gQ,3,,,
304,n2YTTgxIdIPWxz_jp3d3Xg,WBR41ZUpnl4hW5stYd5E2A,3,,,
305,9y_jTV777V7ptMMP5fJroQ,DVhrMMjptaGyUYxyNj9gtQ,5,Kristine,276.0,2009-10-13 22:55:50
306,1nwMNWObHn1Aq-Yv2LTJQw,lEyAWBqX2Plyz041C09P5w,3,,,
307,nyRUZ8E-kl_lAQuTNODqjw,PqTi2vqgxjT98oqFhZ1Uig,5,,,
308,IWflChcWypgf2Vlsm1WT5A,q3NoRGSIqKxdrmzNzURXeQ,5,,,
309,X-CWXNjxwaqHwSME0Q3KpA,Jed-PEquPj78qyejkevQyQ,2,Louis,340.0,2011-09-08 15:32:39
310,qM-E-ae8CI1Yp0wJiq0jhg,sHm9bRvQ2QFL7teGnHiGEA,5,,,
311,SWUQy9DeRedDiESnQ9UScA,0VI899Sc4Bwkm1BsRk3ZzA,4,Toya,20.0,2011-03-24 15:56:30
312,0trQZcvI12ONojsrEOnIHQ,pr2GemKrmZ84T9bZS8D2xQ,4,Sharon,43.0,2009-01-30 20:06:25
313,NUqNm6gqj-iOWo30r_iFrA,ynmWePv8_bHKn_E5Ghns3w,1,,,
314,hozoa1DsTCjpz4UC8YGsNw,ndgHYecgAWEqtjnjE7LtfA,4,Shannon,86.0,2011-12-12 15:56:15
315,zNpUe13rw7XqnhlCKRBz_A,PzMj0rifbr_iUV2LWv6lOg,5,,,
316,j4zxVT-GhVJ3a1YEskkSww,8EMU7d4pCkdqUnvlIW40CA,4,,,
317,YQtuP2OsLItDgSyEu5wfHA,m2BVQanoUOrtJc5_GYch2w,2,,,
318,v6VgR-I99slQPt_b4lbxuQ,n_KXdXJb1bFP8lmQ91hSpw,5,,,
319,WuyNRwsB41cf2BJQL2DbRQ,0nOrJJ4gN5BxYIyxWcJaGA,5,,,
320,GVoXS_AdNzSUbyNcoErdZQ,rqYkeGG9PBAdMRDvTMCmfw,5,,,
321,CEcndvfWE_kA6gPtJOZRYw,tcT7C-lixeyg19jbuAR0jw,5,,,
322,QS3gJVX4WAfk0Chd4W3zIw,HzX3oBnPUEImHhsdxCu0Aw,5,,,
323,EYtd1U-fzMWpo-zxMuI5Tw,ChoyWqiqMfKDYuqMKycnpw,3,,,
324,upZ4kUcTgNnpeCp9ijUgIQ,FnrhqXJXR9xnYe6vgrKoCw,3,Catherine,42.0,2010-04-07 06:27:25
325,INSGnYhsLHPc7v0VjuNxzw,oQLVpszk6Bz5zEwZSrEY-g,1,,,
326,tfucaiy6lG5UbvbmTD4STg,wABHp4fGUC-0acRKhmQO2A,5,Diana,971.0,2011-05-12 20:29:57
327,dFgGps6gQQbWoKOR60X72w,SD2wTe9oVhG4j2fAwo1yhg,5,Nate,5.0,2011-12-13 01:13:51
328,-7wZLHrckzyOr-fX_CiT4A,bme7nh1NwRfF4U34TXFK2Q,5,,,
329,-RsFYcZz0HeSrAhu5xDWBg,-cb2SLDoCysQFxbDDf_0pg,2,,,
330,juzhoSPzFupje-RYJ4VPpQ,SXfDfVltyy6uI4vDgzDlvw,3,Jeffrey,17.0,2010-01-04 04:08:39
331,tNhXpFVKYXjJx5mipbc_7A,PxvX4g3RCzvRZ87vkA6Sag,4,,,
332,dpgq69tsI2f_GpRH71hQsA,Uk3X2AypU8AqvcYEVf7s6Q,3,Douglas,431.0,2011-02-15 15:03:27
333,_Nh5Ru8Xk6He598uOMjlTw,jRdjx0aHuXeBnfhoo8AKTQ,3,,,
334,nCbPmH8TTnk42YvWCthLLg,Abd2njl3OX5qb3SnSj0ENw,1,,,
335,YpDx1X1OvnwUgdkHeZNvWw,OfhZlqYMrCVAhM-bt_cQug,4,,,
336,pASf53j-2Fc4MWcx2uLibA,HVl561l9Y3jwMKNKnoxOyg,3,,,
337,2zN9R1C5RTZ9oxuQ1uhP6Q,hDvvt85_jRElidmq5nvJ4Q,1,,,
338,MxQpzn4DLrQ6XuhEHkVvIw,QuZKJnltihmZ8jhwfxPeJA,5,Suzie,134.0,2009-08-20 20:31:15
339,_9vmN7JQg7gezvlMTu35cA,z497rLw1L767W-9Umwgt1g,3,Dan,317.0,2009-11-09 14:56:40
340,NU4_03KfndoUcE8mDNIErw,IUCPIxJDRZj9zXc1fIVHkw,1,,,
341,2fD2Do7xBjoahST3FmiwcQ,avQwKRvXc21koLCbahFEig,5,Marissa,108.0,2008-10-28 19:36:56
342,As1_aGyTE-Sh3jGwh3vG0Q,QvIZleI1KG46yFMRSWrYcQ,5,,,
343,FpWzaYsVDGrU8w3134s1jg,1HQ3yuhqVJPqjCz1P6fDeA,4,,,
344,6etKnG-31gbxxAnJgsSQ5g,BKPvdN72wJL6q75R4d2zZQ,5,,,
345,Q7sc8JXBOfA0gqKObNWsnA,8pk7pUCfB7D_wQqDUO34bw,1,,,
346,17HtUNovDJr3hZerXmlrMg,dXgGp-vjO_TSIvLgNz5uaw,5,Danielle,532.0,2012-10-13 00:01:32
347,qeSxL-POvGLZD6aQ5O9kvw,4JrKQ9JqjYLk15dKQF9Gkg,1,Justin,6.0,2010-06-29 21:28:58
348,mcl6XhpC7hoUqkTJcmUpkw,ZjzvfgBP9F3hfGMpHsCozw,5,,,
349,6d9hz8LsjvkXjViPW4xaRA,t77iaBQb3pyj2rtwffiLEg,2,,,
350,M8CKU1cEoc7AG-n148uhDA,fZMPvpzg8mvWdq0nrOLz3w,5,,,
351,s9ieTQEl3ImVSkTRrP4-3g,fr1Hz2acAb3OaL3l6DyKNg,4,,,
352,FTax2GLIJRbHbEBUE82_pA,JggphOM7FIbvUyPcsfcNTw,5,Michelle,1050.0,2011-03-12 17:17:04
353,PCxW8IqqvCODd9Tr_XFjlQ,_LG_1zjLB8gWjN294Xjc5Q,5,,,
354,a32cWIjFXAuKHz1hP_kkFA,dMrmnopCJ0xxEuG7WMCtWw,1,J,92.0,2012-09-30 18:04:00
355,aJBV9CklyQQ0mH-tKg_oGw,3x69a8OGyReKirigOk8Nww,4,,,
356,ULzbgT5SPThiMOoo4a_Adw,veBX5roHQLNnQ1rTtNh_gg,2,,,
357,k8JV9gw_XKGF17UigEo52g,nvoyRuO4r0RPoeCGZdTGbQ,4,Darrien,34.0,2014-07-15 01:51:50
358,nDH6ctdQskr7_V_ot3_mVw,mzXDuhZBPdHfMIk1YXP0mQ,5,Kendrah,455.0,2008-04-26 19:21:12
359,y1CYqccQLsn8GGXYS4q6tQ,BmThnFPDalpbC1x98aXKaw,1,Heather L,233.0,2008-01-08 20:21:16
360,OMUO1w4zd02SWAtdPOOmDw,V5N8EVTjBlCiUzD72Rov2Q,1,,,
361,2xlNGuN8naQTHO3_xY0lGw,8rrmvJ7W3ujplXuOhjE2Hg,5,,,
362,v6wULImVULtf6ZfFljX_4Q,ovUBZdJI16y-qasoqnGt5Q,3,Larissa,141.0,2008-08-23 00:34:15
363,eY8zc9p7Kiv9ATEtNqAdaw,t4pFEaPnTGlShIEaa7y9pg,5,,,
364,_Dkml_CfMMb_wWeGpFtczg,TRFTDMJegE6DituEKBpEKQ,1,,,
365,ZsT686nR-w3vAG_hyaSWMA,1gnzSS6JZNeMQyDa7kWUeA,5,,,
366,6-uhn-jmZI6wHhsD8aGTOw,Gkemhtz87WhB5Uvc-1uLTQ,5,,,
367,_1rme3go3F96nwAexBZEGw,ZEpBNNP_btQrZ5qaByoZkg,1,,,
368,jlvaJo1I56NrZ1Q1CUuuRw,17jzGkFYCvB5Q0fjJEzVAA,4,Vanessa,162.0,2012-05-19 12:09:28
369,82lJQteTxdxQVXfm-RU_tw,av5_rihz1f5DLEIt5NrtNA,2,,,
370,T3Rcd5y51bm_6A6_4DN79Q,8mF7MMTeVQXxIlcmgZeR0Q,5,,,
371,b1GkT5ojVlMCM6jdwPi3wQ,JcUxoKPqBBRaMcHaQOYFlg,5,,,
372,vSuwwwi5wcMlhRJaTgNCkw,0NMzKcYr2noVeBIT9leL-w,5,,,
373,OYrtEEEu0qLiTdwlPm9egQ,LcqNuhqaYt5ekKzaRirmIg,5,Susan,258.0,2009-01-03 02:23:57
374,amIMShQBXjITXiYG6gyiaA,Q1WRnsP8net9hJ-IkU9-4A,1,Stan,52.0,2009-07-11 18:39:40
375,lrZiB0XfNZjk8zfYDx_TPA,29UB_wrnUIdsxV2ZmrlZSg,3,,,
376,5GNDjFV7Vi7Uganf6OlAbg,7OUAzKZj6LUrQ3G7g7yUSw,2,,,
377,3Qwi1Q4ea7OJPpueQVEoBQ,wDZvwI8xAS9Lyq-tjDoEoA,4,,,
378,x-AK0qSJmd9KzXBpEiY-Gg,HORYfQgazSLzkg096Va7rA,3,,,
379,s41Y0IQGQqyzuwITwP_37A,P6f_pFhxb0jwtA1JmjHmJw,1,,,
380,rJ2fUIf-Q7AGx79thOUjMg,BOM58nAhmaoOC_Si4u4lOw,4,,,
381,MWUGmzyXVIlG2NwvzX0q4Q,Xw7ZjaGfr0WNVt6s_5KZfA,5,Marielle,2272.0,2010-12-22 09:41:56
382,e4e1OLjmdLfYET_v3nEHvw,VvKepoJdgaLfc1nUsJE9ZQ,5,,,
383,2xIYKNiMuDpF2wWjT1RIKg,isilLts_tupKm4-pN2FAFQ,4,,,
384,NeTum-oNTUbCwMKxh1aQag,LuT_KrlWPv3QsW6JGHBIrA,4,,,
385,0UnK7dQKT3ogC2sBCeYWLA,Rhk8owk3uhFTvzJdYbQ6Xg,5,,,
386,i6qS_PlGj4kl_2u55WKa5Q,gasLVm0KRwrVhPGRcqATjw,4,Erin,1638.0,2012-02-08 00:05:04
387,4hi2jgnEhwaKfFiZ_Tz4Hw,VOWlOVEBg9LoHykSBue7EA,4,,,
388,2epU691r0mnuct0ThnSJKg,6LYVWmmUMgyZYnvKhobgXg,4,Julie,131.0,2011-08-03 03:54:00
389,ff3TuHm6j-7ik-eONaYz-g,o2BGAiWVNp-ZVe7I0Ddf0w,4,,,
390,2UFbolHl7Kj1jYYn0eYBWQ,UV6kQ5MqadMq9SaVv35fqg,3,Veronica,103.0,2012-08-27 20:30:06
391,f7fAYGJpd4gZAoJxuJcciw,LpZfJekvMo5S61UBAmuyHw,5,Eve,102.0,2011-01-29 21:56:48
392,BOL3hGWiZpzay3FcghAVww,IxFPfRyZofZJsmH10xUKHA,4,,,
393,b0AI6U9CCWpFKI3iPLYiow,_l0csyXqNIcb3vG-1qR8DQ,4,,,
394,_NAJ4K52B44-pXfrg3EylA,q5bEuV2_PMI0yul7DHk5TA,5,,,
395,1KPGzX7SK6-F1AuLCOZvbw,KWLxxZKAcdUOBqBLMPW22w,2,,,
396,o_NE6d5LmUEfP-TMZx5IZg,_BcWyKQL16ndpBdggh2kNA,3,Karen,4274.0,2008-05-29 12:29:54
397,eP-S5CuNNVdGsfmVc5BXpg,jDLeW4d-8WqMkikCTHFJ5g,5,,,
398,jAhIJTYtHsZKSvGknSwMcg,yv-x6ga91bklbhrHFPoRYA,4,Andrew,85.0,2009-07-22 18:35:25
399,xoZmWuioJtp1Jw1WSqT-7A,2QDiMTrheevtsKETQ0TPdQ,5,,,
400,3aCWNBbYgO6dv1MjUEVL0g,E1olskL76b9TrcClgD9oBw,4,,,
401,LFpaQzYkP5Pzm5lEjJpTRw,Ttb21DpWqphQMNSS5TXgMA,5,,,
402,u211-bNGLOwYeI8kAi2ddg,fr3zIEDdv2nagOdOt1jBOw,1,,,
403,JJgPXqfCfY-prfVUoS2Elw,2Pqs3nedztBqwQE7zO5yiQ,5,Maria,17.0,2011-06-28 11:34:39
404,rPMm8KdzE9cLHlwvt-IqgA,OB-Esbd_hAJP4yrznWqF8Q,5,,,
405,GM8nbwQ4m1rWAIF_P5FN6Q,W1tLvceQ3fy7ckQyjliLbQ,5,,,
406,89SF8MFoiY4mIhOgzAMVhA,S8rqFLdHCFAeibs52a4QpQ,5,,,
407,VOwUVGul2OD0jZWYG1Nf1g,aCBypLi8VsUdVERTQWbjZg,5,,,
408,OiiUQHpUPSIw592zKebnTg,Wshkpj8aHWuzIeca1QxWTA,1,Alexandra,175.0,2009-07-27 23:16:42
409,3JzKv_IHQrpUCysAY9lsgg,8FPlMYqDg1fyuwXwY8iPDg,4,,,
410,NbT7iIVr8rz6tglE7tYTAg,H4JNrBAoyCk_ZMZWbAf8OA,4,Allison,607.0,2005-05-21 19:21:53
411,chtDBb_3unH0Wcs3W2Iahw,gSp5C3BfIVAHdH27rzoCDQ,5,,,
412,STW1-gisRSWoRjqILGOHqg,qm6WVOID2j4qJ_M-BrrgHg,5,,,
413,nCdhMSQA0apDuB_oho5ang,2dyfZNhtyuHdestczTgWjQ,4,Lou,297.0,2009-06-12 20:57:11
414,S79tU1cnlxnYhm8zfb8LyA,ybnpLuqHe1RCKfzqAGy8gg,1,,,
415,ijG3hyvzneIplamARXzfEg,TDGx8YhxmF3OP0XH3dYsXw,5,,,
416,0NC0xZyq4EQgUZvvWiFraQ,6cY9ygsa2cZ5RW2LrBBZPA,5,John,27.0,2012-09-27 21:06:30
417,cvL4g3ycHGJIA2azYMnkHw,-u1pc6o7QmtdrN5i23CIng,4,,,
418,lAjAKzVgkUHcq1aLHzDBDA,d9enV9vczP57YFObuHTn_g,2,,,
419,oAQ2yhFonFh0P1Df-fzYNg,5irvqJS4pq27rOYLyjzBDA,3,,,
420,I647uOIzj5JVUVlBvulliw,b-DA7VhnYRLg6q5jIK3RNw,4,,,
421,LkXdUnLG55HUqClm5C-FRQ,Bcwv94u7FgNCpCoJLmSsaA,5,Amy,17.0,2009-06-24 01:36:04
422,jkLPFuv5qP53H2k1IeSA5A,05796MJj-TwACdzscsqpKg,4,Julie,69.0,2012-04-11 03:39:22
423,Gyw77tgrqdHnDBI6WfFjMw,JYxJUad4GtKZdZhoTXTKZw,3,princessaja,56.0,2009-09-04 01:09:03
424,pgESDcC7eDx4z_epqon4_Q,KhAqHRXgVhSClw_Y2ayEqg,1,,,
425,HyD8P-CcFU3FR75T0dJAhA,YsaJXW7VWV2bhoN5tokKrg,4,,,
426,S1sW-mCzdO1Qhb4Fq7ZKoA,Qg8sepNIyYyicni1a7jnaA,3,,,
427,W1feLyzh7XPyHrgU-tOXPA,tVMwKnashaK7V00XIRjtgw,5,Melissa,67.0,2012-02-18 23:09:52
428,sgvNB37eQ9wJYOBv1lmwDA,DU_duJ_ZqG17lsZWGaIOuw,3,,,
429,2o29ryFidt0awbmqdVSjpg,zgtJEQ6bUCTWNaZcqKkcTw,3,,,
430,k841fO30xGewmdE0xPitOg,63-2PK0__Z3Zr1X-2mu1wQ,4,Betsy,314.0,2008-07-27 14:08:18
431,LUsxbDfNYFTrX6y_Ist3Pw,DtxpEKBjSfTFPHCf_YOYCA,5,,,
432,JkYTzPrQdVYtkdmkcRPinQ,_WEZMOBfFxTQSrt7FL4sCw,5,,,
433,M4zS53PfEzODW1P2U9JUig,DEiAhP-xb4i-71foPKSqxQ,5,,,
434,wDSBFWfvuv9GpUX32_6nEw,1Lj6Ra9quyrH1gIxACliPw,1,Stephanie,65.0,2013-04-06 01:09:52
435,vaPZLs3eL9GdweSyl1DXhA,oFAbGl-xoiODXsX3oQ1IXA,5,,,
436,EmLTCw2p9BhOwnzHFXgGaQ,glO-c9FC0RaY2GyiamCQFA,3,,,
437,b22OR-MNCZ-TOf6XIbkg6w,nGO8Re5IpOosHdWPqn8vWQ,4,,,
438,qjdMlELzt7SzneQFfwe7HA,FncS5xs9sE1weGrYV4aJgg,3,D,42.0,2009-11-06 01:21:22
439,sz6FAS903ogJy9keBfFdNw,HorseRJgeUwJTBmZD_hXDg,4,,,
440,8PQcD-TECxxGUnGNV83QZQ,wW9SywjWgtjAMveKR0r3lA,5,,,
441,3djwsoWuYzfE8VD3jlNd8Q,WDtfOTjdeTgsjqVwFAeqIw,4,,,
442,0PF3_gnx3oI48Q4xi3D0uA,__GHy1xxetn0SBqP4b_odA,3,John,33.0,2009-07-19 13:43:27
443,2gVhwj83q3wKF2-Jvcv6cw,Lj4gnAE2MgjJEQf0b5QSNw,1,,,
444,IgfUV2Ggcl36kS7mv8wsaw,v-B443ErZ1P12acLQMgHEA,1,,,
445,Tbo55fN5ZNBLQ6ue78hd6Q,hPVeIiJxQwwcvp6CUXk_UA,5,,,
446,vwhFwlc4FTBApcNM4uqx_A,JL9FyzCSk7rui5wcI_RbHw,5,,,
447,PRAsITyAFOrVM_YcbJA5QA,gv0coNUFY-fibRwP8IKqPA,3,,,
448,RIqChRQI9qL2BKKVETJX1g,nyjj6EHn29se2IE8c_Wq4A,5,Gabriela,43.0,2009-08-26 02:33:11
449,gTBmyv_0E8LaCujbzP_oOw,5h9JA231vPilNAIjHxwGng,5,,,
450,pGKizwLILA_HafLj0b6CsQ,whbmSeWV7onskC6aT5k77w,1,,,
451,XZl9M7HrwqqQUEOUu4azkA,16yfdXvoj6ra0hqFjLu2cQ,5,Mackie,140.0,2012-11-23 22:43:30
452,M_JypFlbEUklwMGoyVknFQ,_kp3hr0ohALINduHTERs9Q,5,,,
453,bcNhedsG9dRWiIeV_-cGUQ,7HOTNEzVwtJQK6iwC6XVJA,3,,,
454,TW4DXj74C82qhGjOgnmjyQ,W_VNrooLU3h_r-Iw5HLo_w,4,David,25.0,2011-06-21 18:02:37
455,DIRohs5uJ5kqBtSwZDZ1_w,JTbWKeaQLH0w2TWCiRjq4g,4,Jason,198.0,2011-04-04 19:19:52
456,J96EFyLE15P-VH5kCyxGWA,ifbY7DlrQep2hxR8WBGQbw,2,Jennifer,245.0,2012-01-08 01:58:57
457,nhfB-ssDwJxbpAUjlE889A,fr1Hz2acAb3OaL3l6DyKNg,3,,,
458,7QLCrFsbfHLHMTrYuDTKyA,kKLdiuoR2ED3SPwAEjqI0w,5,Ronald,54.0,2010-08-17 17:03:13
459,mOKsN2CQU08yQWx1lh-v9w,3YHb2sYWYUM7dI7EGFKoEw,3,,,
460,0aC3eVgDQFE6gH2Fk-MrDg,gL0PnnFMmJbWphaOh_6BsQ,4,Rob,72.0,2013-04-06 15:13:26
461,RNf8aUDzK2wzzO7sVzIkbQ,xjQSpme1Z7Xw8XehRLpYuA,4,K,240.0,2008-11-05 03:44:21
462,PoPM0iRZacrnbq6WpDi-yA,mC-khOW9EOrKHTeXkrb5rg,4,Ryan,68.0,2011-12-28 22:52:48
463,EMkIwb1whDSGlvEWsnId3w,CePuKN0wwl5CW-58rkt3-w,5,,,
464,gaI5Vcq8Is3tM074QlNWkA,Q9k86VEch13kfZt1k_KxFw,5,,,
465,_O20AUGJuC-anAOpST96mw,kBPBo94HVqNTw_ctdiFJHA,4,,,
466,tw0NxpoMUREsk2MPLPSx7A,RycuS3TlPJKYCN6jaqgc7w,1,,,
467,4oVBzRVdXH3XMGiTutkcdQ,WQhgAg8ovchnA1FZCpbyWA,4,Michael,49.0,2010-11-15 07:00:54
468,hgah1g29AmdWrp3QPhEbPA,Q9t5Z5_ZGn-5KUNjElNZWw,1,,,
469,HHmH0sczDaXK5-iKA3Q9dw,BiD10AVyLSU4ZugC-0zi8Q,1,,,
470,zHqZ1ym04EB_4IXppIX5Eg,mrV0BOkFOnMWzgYJrS3i0g,3,Dan,66.0,2012-06-22 18:01:18
471,GXlrpVd8rnL8gMgxczbd1g,q-EBNzv_YO5CE0Q_Ln7D5Q,2,Lydia Effie,144.0,2007-06-25 18:47:41
472,KLxHEsW1beqLqyrrNUuRqg,RcCjQK7exVgSO2xskd54mw,5,,,
473,zoKFjcYPeQm7lT9TPqCIuQ,ZDUCfIgyPVG7HhFDWhK7kQ,5,,,
474,0kMlS1dVfIw1bH1jK5q9Pw,3n_QYiWlZdt5C9ogbsLEdA,5,Michael,29.0,2008-12-08 20:49:06
475,sqr0RQ1UmstPWpXRvbASeQ,3TW9UF4V_hBduHcBvUbDVw,5,,,
476,zKZAppIn3yZVp7sTw-8ZLw,au30JemWvCjjTp5vWdOLow,5,,,
477,8z3Pg6eksz8TAYAPLxJWIQ,3TlGZhQjrEvacyHhGxdKxA,5,Eric,101.0,2009-06-20 12:22:19
478,H9_TfnzLl9lN_VZ5ND5_fw,RymcQDC9ywDYuv9Dz31Tgw,5,joshua,29.0,2009-02-05 20:25:48
479,wAM66UfeH6U3pJxuZwWzIA,eGZvv1U1tRoV2UJqv4AIhg,5,,,
480,m6EMoIqkLWn01UrqVOI2yA,86Fgk1s0tAVioJtVnJeBHg,5,Ali,124.0,2009-08-10 00:24:01
481,uFpxiHXl9-mflLuZ0z0Pzw,NyUuEF18_9trHBZpR9H4PA,5,,,
482,wR6Bl-Vywqd56UaogCcWNg,_mLEJyBITb35hF-av1Q09Q,5,,,
483,e_f_4_U6Hlr0znVQfUbzEg,6mnrwzi5HM-WMUfXL7EYgg,5,,,
484,Zssrl36KBW-QMHsa8G9a_w,zcYZgNeJHpKCSBRwh6WskQ,5,,,
485,yx1IGiMSFDeuosuoRE1gpQ,EYg-VaZlk13-blZxyohLDg,3,,,
486,h67ml8WCL7N5yhSBJtdoPw,8bKjmdE9h9Jc8hzCO7EJsQ,5,Carolyn,469.0,2009-01-21 23:53:14
487,lZQ_PekQKGo9HaAPgbRQbA,MzNDYesEiI-A8B3mRSmxqg,5,,,
488,xz7n9r3Y1856-T3Xrbhs3w,yLt1pqbQsRXMguOIId_aGA,1,,,
489,WqsuFJU7wqu5nSOGDdh-tQ,mGUYWSFpmVvDQTLDvkzk4w,3,Debi,148.0,2009-05-30 21:18:03
490,GBvYiI1S_1gK-aZKwTpkQQ,ws72yrj8GmNE9Wjmyyr0IA,4,,,
491,jS3mcIVCbLPLebnaLhk5gw,G4W6jE-LtRXSwe0B5fZRyg,4,,,
492,i_fJQ_-9S9qhH2hl5bMIiw,FBRjdSizGuMyxQuSSwzarg,3,anita,31.0,2006-04-26 16:41:18
493,VN0oJh0TD2yKWUg0EN6IzA,ZihW6-M7xOl6v_fkkuv61Q,5,,,
494,xZ-hLh7lC1lX-pC8rW3HlA,qebLK4vwNUmv-Bqk3b2hTg,3,Rachel,15.0,2009-10-04 14:00:40
495,2DTSLWrxArBe6iNGTJhRZQ,PyYBky3iWH9Fo_bUxoYyDQ,3,,,
496,5I7qACNaxm0PBdpgaMeQ5w,8sHWQwfi9blO7fdpHMVfsw,5,Lisa,138.0,2011-05-19 23:13:35
497,yFV9UnuTR3wqCVRwkeYGxA,tgZ0r69ap3_-sNBgLPZsPw,1,,,
498,WZIOWWb6xVwCA2-uJ47m8Q,XeS-0ONS5uoR_OfgZQebrA,5,Kelly,17.0,2011-08-28 16:44:56
499,VCVG7lbohvbWQ_lUt714RQ,hWm_vdsBr8lxE_On2eQXqw,5,,,
500,Mvrz4XjLAyQYxSqtZ_j-ig,Q_ixtOGUKUbCQ_sXThQAwA,5,,,
501,DivPlXLvBcH0N9z1y1K7MQ,rp8AfN3VT2I6nykW6FWqkw,5,,,
502,0oB9jIpB5eKvOnqDcXYRhg,OXdp673IwpF56oYs705JPQ,5,,,
503,e8u5K7rpzWt3CEoGmqYZNA,TkFfkUhNLczx5LB-uR9qaw,5,,,
504,ndy1YoqgJ6BXsqPvFs9mkg,3Co7fpeBhUJGFJKbh1JAkw,3,,,
505,qSCCNv6JsHpQL8_uJoL9zQ,Ta5JmqbaPH-ACuPBJ0Jybw,5,,,
506,ygMbam6uaFGXxvSKj-q51A,ilfplhKvXs1w4v4YeiC-lA,5,,,
507,ii4RHFJZ3srDe5XlCKEaIQ,cWAKzsMt0iMjBNPuNJVgDQ,4,Paul,20.0,2012-04-14 22:10:31
508,VD_BQsEKAIAzy82CI0RZhg,dEXDFQs_mLhhbXBkFlj8MA,4,Danny,29.0,2010-12-25 22:13:31
509,tGzobhc7MyMSej6gVdv3Pw,gSEhdaQNcewg-ob6xSgleQ,2,,,
510,MtZJKwddFSyBB0QHXQRtZQ,_cdp1FAjIT2paX8s8H3GUw,2,,,
511,OPfhVmoRPBBp8nyJ8wAb0Q,hNiK3aCOoS9Y7ndiZs_KgQ,2,,,
512,7ouwt0DtmhHxjQpDwDkN7Q,dme9K6sQrgpojAay5r8IAA,3,Bri,230.0,2010-03-02 20:01:39
513,P7okF5jBUnQ0Ng1dOShJyg,OR5Zm8Wt-nceHN1hx1qJUw,5,,,
514,l6NxhAWgZoww3mKKjpFdXg,wpXPaiDFVl_DCF64IPLOLw,3,,,
515,OMrx6DooSYePjc0WerIKFw,kbx5teHlHE1D0WMtpUsuZA,5,,,
516,t4vzUBVfAPfg7i1EB9Y_6Q,vFd8aBLg1kFcd0kCkoi-xw,4,,,
517,NYxYahcPBsyVSE88IHNivA,JDBlafv8p0UBtVFZ4LnRhw,5,,,
518,cINASoUyZbUcmat0TloJag,0q4JN-oyb_wYV1UyQPrdJw,5,,,
519,SEtOk5e9-wDEDDRnuaUnnw,TvXx5vpqpiyg-PjRC_XZLw,5,,,
520,lYm3GHTfCllq1Kpj5oeLeg,7BMnjLvDVozj0eiqEl3adw,1,,,
521,S8jdwyhSsz30eNegDFkObA,86WYiv6T14Fbf2x0yGP8jA,5,Olivia,66.0,2016-05-20 19:52:24
522,zyWcynpTTkXaM3bfyALlBg,fPmWOEvI5SipdVav3fcIqA,2,,,
523,bjBfJVb8Ikpz2Lbx-S-gyg,f3LI3ld5tNxXrMUU69v7wA,5,Chris,25.0,2011-01-25 21:17:10
524,nAP-pjVWSCjTM2eCf-5FwA,qPORuflcC27780nm7s2UUg,1,Ben,54.0,2010-11-14 00:07:03
525,JaGqBpLhxvC27juhu0lGwA,n2pX5Ae8xCUi2_WlwcTkXQ,5,,,
526,EJWyA5wpdVMji1j4TwSZqQ,mqBWACmaHflW4eh_Ofp16Q,5,Igor,38.0,2008-03-09 23:04:24
527,S-H-Ao17MEYH9cLpvevbnQ,s03ZJhgJki5i89d93-9keQ,5,,,
528,Iy3lxDiV3RIPKUSGm1ZjOA,RBsuA0KHqbQIgQMNH8rDUw,5,,,
529,p8y5nanIxGGzAAqiCuxBdA,CysTz612pTix75Fye6-D4Q,1,John,44.0,2012-11-16 03:37:47
530,SiazHJtfovy9nwDFfICdwA,ao-AH4CKrHlJLdrxYm9reg,4,Samantha,806.0,2010-03-05 00:53:28
531,PxOffHd66JalAmafv6mZsw,GHH2KwW7FLBZPXERaCS4dQ,5,,,
532,umG23_QBjaAAWv-Bc3CZLw,GH5wuJoc4K515SOfM_CE_g,5,,,
533,fFX81fVi2KpnlR7CN7ht_A,Tf9sX1pSq5auLh3CAT9TaQ,4,,,
534,815IYDMwX84gQIj_uo7Scg,vvXj8kYtU4LB2FS-jqnlKA,4,Andrea,56.0,2012-01-16 01:02:42
535,jF3ZlgxpM88UjKymEfSJmQ,CtRP-ARklDGTJ8aVji47Ug,2,,,
536,12WmsX0EwwDlQyGXAgtkww,xUhG4eI0M1KRvucUn0t19w,2,,,
537,-M6y-yFPKVouD2NNOKcT_w,OKMj2PnkGITjSuNByUN_Vw,4,,,
538,L7Z2Re-8aFOZFhfMZbt44A,QASqmFDB1pIBF7xSp1PVeg,5,Ethan,436.0,2007-04-10 23:53:38
539,yqQmwEhvkAySMyGrRsRjQw,XTWdXSOoUJnIMiVSA-1gDg,1,Sara,122.0,2008-02-07 15:00:43
540,RXqhxbAuPPSNs-oyJJyOgw,zZygOZLNyJX5nDqKrwa4HQ,4,Adrienne,277.0,2009-09-09 18:40:49
541,TynNY8E0l0qIjSLzxT_MJg,9iEnY-s5NIxajMYXQPk30A,5,,,
542,0bT9gQpQO6MX3KVv5jrtdg,9wvR3a-jGWmth9rgttgU2w,4,Brian,336.0,2011-02-20 03:00:04
543,W2btfi-4gtoDDOQkZysdAw,nlCZQEELgzkIma8ZLG9Sug,5,Nick,8.0,2010-03-17 18:18:59
544,abKghvZEZue9xTHBRpZFAw,mLtqw04f9aYwz35NPU2j3Q,4,,,
545,zCch4eTBh27jRAFN8TXFQw,u4wPqOuzG0kh8RwvKggf2A,5,,,
546,1z8mbdO4WAA1xplhixA5VQ,kMGGxl5wIq36Etd3XBkkCw,1,Danielle,15.0,2011-07-16 18:46:07
547,6j7TrxqNC9FtcRIPrDpRqQ,UYU71DRx-UDAee-eFOFfWw,3,,,
548,5X3RdarK-hkjLR6jqZFjzw,nPQIiqZAhdsu5HOxOCnNVA,5,,,
549,w5aB9esyhoCh0cNnltqv_w,0yBBVHdbfBC14E3c3FdeJg,1,,,
550,Bhn9WcAe2rO26HT-TLKK_Q,D546DQFUUZk-DGsBJeqAbg,1,,,
551,Bz1DS2J28EzTLJHsaTyM7g,EROW4chFZQF1E-eZVpYAAA,2,Aimee,57.0,2009-02-02 00:08:06
552,uUNxMvlGR6eA8o_yD3kVJQ,9CeEcqR2tr4XD9CWo_CgiQ,5,,,
553,F_qeQJ7BH1mmxoI_l1WuMA,1M1HMZO1_TuTS5tQbHKIgg,3,,,
554,jOpJBXl6goiRYvsS8Oeriw,Qj-H-iwy4iD9K2qzexHRqQ,5,,,
555,bu0BUkenT8c8nnyKUaF0-A,qmpRRF4HAKuGJEujoK-IdQ,5,,,
556,O9--fIsyIjBhSB8OIwW_QQ,KMwv6qK14VZvC-We6l9LCg,2,,,
557,-nQRvxUGWYUBqTZdcyvprQ,kCZCIJwvyDqt08mJSF0K7g,2,,,
558,Z_tQ-hruQRU45Rg3XglyJQ,9wymgENHBBOm9Tlx7xHy7A,2,,,
559,yjQIyHFpnUKh49X4HYJuSQ,0BSbvM-aROa5l-8mN4yayQ,4,,,
560,9iSPQRg-oE525tze73mx4w,m9M_VU5Q3JpgrP9NFZFkQg,1,,,
561,8y9euenMquO7i6gDAsj8Pw,wo1qycEKVbUYhezpmialJA,4,,,
562,qqwFmxlMyUqsFxb7DtU4NQ,OgpIQ6TidzIF-wLl3hYdGQ,5,,,
563,vHOeBa7aMA_na4rfS2Db5A,QmPSBBPFVj3_G2MceMttDg,1,,,
564,UdKXbsNyrbUMKm3ou4B4Rw,SUFd_R_9HzYq5Ykv65sDiA,5,Lauren,4.0,2011-02-08 18:50:39
565,B64w3FRqtalYlf2JQyqSEw,RDKpadmqI2CpSvRUy_sorQ,5,Zenia,64.0,2011-04-17 04:03:32
566,B-7TUHzZyMUsmt5dbUUxlw,RaC8QCJGJu0K3uPsDE0TKg,5,Ansi,24.0,2011-11-01 04:45:16
567,rE4CB9_glMM2ZhKBEeyKWA,MCTozYpoezrFbbpHOOqmSw,5,,,
568,DkrsmadeZJj_GERNMIBxVg,LqC5hNXcFVY-jcbyxi-tuQ,5,Andy,61.0,2012-04-13 15:22:24
569,lEdYIh_Pd3g5oPCy8MNL6Q,3rtbUppa8N2ixowxdMPebA,5,,,
570,FUxvrj8f5YQdAJrUzZFdSQ,7PzSDwOmU6wQd9aKX3-NRg,5,,,
571,Blzra0ClBO8mORAnUCk5Xg,6Mhbp06FEhD9uxUGCCUmKA,1,,,
572,oto8Mqazg6SV63g2hJx7LQ,zDWhnidBcEok7Vqnu-AnMg,2,Justin,190.0,2008-09-15 16:41:46
573,pIFGqL210EybhN6t0Jtzjw,DB5uuOamJ5N2RZ5ylqOFQw,4,,,
574,5zWhnq05f3r6ntTqHUF5LA,onQsolCnpHwtOZCIuI91vQ,4,Tabitha,371.0,2009-09-03 18:34:40
575,MIvAWbDNBsj5veOvsftNgw,758g6NGLp9deCbvowz62Ww,4,Jennifer,715.0,2008-09-13 19:41:53
576,8KsAOhkgxmRVL_xqcOh0oQ,5LBa1w6O84T4wk4JU1l5Hw,1,,,
577,Sk9DcKI55f0s_253vc50Ig,ZINyxsYek_RF6jrUmQ_zDw,4,,,
578,-gByzTOEA54VenG3s3EqRA,xy73BfEs7UKuT1PImQWM1g,2,Tee,73.0,2010-11-02 20:42:23
579,GHyyQunPh8YubLtk6FlftQ,Yr7tRi9b5-Na2FWP5ihG2A,4,,,
580,XHFOnP_cEiqRRc8_i1rJtQ,gqgX3uu-9-3MJzLdOH8ZtA,1,,,
581,WwdgjZvARA-p7IU4I4Iqbw,1cFrIQsRvzrsqn-1zs_0Fg,5,,,
582,hoFBjn6qNY1V4_ZT9gJB3g,AXBsPgSbyjGkAqPLSwiTYg,1,,,
583,gJvP54OrwhunN3v_fYch4w,oxRTQG2dgff8benlkytpdg,4,Abbey,5.0,2009-08-08 20:06:15
584,K7W2UaUGJvpbqiqObRhQQQ,Xj4NPAq2efs4mzS4kFHGyQ,3,Brianne,522.0,2007-06-23 00:01:00
585,XZklVaG-Lt4rJMe3ahxERg,RHpCcdTbnBkgpdTYvbbTcw,4,,,
586,qvCNnSkDqjg3oCexS1-juQ,MBqmvYqNnq6OmQQYqivHeQ,3,,,
587,vNt56WcULXzTbuHwUlMG3Q,MLjsIHbz1UWQ65wGSs0Cqw,5,Rich,82.0,2011-09-02 14:55:42
588,0-8YJMqAill6hdhjlQfkbA,5W6Vqa03AyAurgiaDwTVfA,2,Pat,70.0,2011-11-05 14:43:06
589,OC5nTy1jWjlz5_FiKFbU0Q,DKnsz2rmUkAs0jZ7Qd61WA,4,,,
590,gPphW4O_XNsmqhqRAQ6qBw,ijfCVc5I5AGDbAq6RCaj6Q,1,,,
591,JdKl3gf7xLkxwn2uUrMmgg,TmdJhSSDABdUwuci8HhbBw,3,Lisa,12.0,2008-04-30 12:21:14
592,r34W_h6NEMvBIpT2h53GQw,p0tP-O8y7rhJKd1iFirgwQ,5,,,
593,fD6OZa4gKbYQ3KXBL05B6Q,nNwt6CpVXwprulh_v5CPzg,3,Brittney,45.0,2012-11-03 19:12:24
594,cuBwtPrWFwo7VWRNHXlySQ,WSnkenwrfdhW0eM_vs2Iqw,5,,,
595,psxbpQH6lDnBpXli53uxIw,HlSzWDRcShtuUHImvGzq2g,4,,,
596,_UJt6A57MmdanQoYr4dx2A,kfiBpwAZFxAo_RcrBmQjbA,3,Jenny,313.0,2010-02-06 04:54:53
597,0gFENhAB6mfMwL1V0Z2fWw,6O_FYCuqBqsTcWGGTvvjSQ,1,,,
598,Kj7HMhdzGih7D7FCL13OOw,2uEiUCdT57UeaVkL8mjIqg,1,,,
599,lyHHV0jehKe34uwm1rAVsw,GZkFjlhsCmIxkxPywouEKQ,3,,,
600,wUHUieO_gckt0HcrrI63PQ,5ucOKo929N6dPfNjLuFoEA,5,Catherine,26.0,2013-02-21 21:55:36
601,AjH2OSOcGUrTf__5eRVVjw,CfPivYrFhdhm6o7a8g0RMg,1,,,
602,Zu6bgZauDRpbjosFFO7p2w,9yxxvX5ySJSylQk3LMWzIQ,5,Erin,41.0,2010-12-27 01:57:47
603,c-usX9SzJAC5BA0R6iNNJw,wi3Z-T067mYLoiK2DQWRMw,5,,,
604,4MsqB18bYyuf0JnDzhKEsg,fYdZBNP2UMn19O5KaI4CGg,4,Quynh,70.0,2010-09-25 02:02:08
605,7Ki1tkHP23P2i--9qsTRdg,-G7Zkl1wIWBBmD0KRy_sCw,5,Gerald,3131.0,2012-12-16 23:26:39
606,NqLiYY3UYyMJMMf8HL6zdw,N3INEKpg6VVVeHBBld8Gtw,5,Mike,27.0,2012-04-17 03:25:30
607,au9AZ-eeVBJ_3KcB05jCrg,c-1P_Hx6J-Dr8UzpRMwO3Q,2,,,
608,xTjq12ca41rbsIJVnYgZiQ,GdxMEY3xa3C_w-yfSRxEdw,5,,,
609,MJjWo6VjPZbpwDrAy1Uf0w,uxSJNuWrpb1mNePNnHF_wA,2,Savanah,24.0,2011-09-15 17:15:10
610,lQF3kV6JazQ8chYr4ZKG4w,LXvn-Wl2Sjzvl_7TxK-x6g,5,Christine,348.0,2008-09-02 15:15:00
611,pPKI8l5FuX3aOHCQAlsfsg,5MLTOOiFGu_-PIyjhHIs-g,4,,,
612,raMmqAddReOruHYmUTdT9Q,o72LSEPHKu1oQcpXeIVlag,4,,,
613,VSUoe2zIkrYYZySztDA_Lg,A3gEkJ0lvC1-37KPMNTehg,4,Lina,631.0,2007-06-15 21:34:59
614,YPrUSWTzdbOQnRShO8caPw,Q503wfkVgYYRisTYSyWYww,3,Peter,485.0,2008-05-19 15:46:10
615,KEY5K6jrl18LLtyZ8bfDxg,_2kdAzmaR6KrWzjBMLoiog,4,,,
616,wJW1E6IBVWpVf3w50DfCKg,xGxrRm_FfCLd7NXwKEzshw,5,Scott,40.0,2011-12-20 01:59:25
617,QXh4TqGlBYz_raDaCXMlOg,L1ayZt4pBRKhO00OhUaLAw,3,Katie,120.0,2012-01-26 04:35:11
618,XT_3UpEhO5eJIFxevnv_Yw,0WqEkKMu03irkMiEtsFxZg,4,,,
619,xuo21L3XGyoITxQwsllEZQ,7QeQxjJ1lY6HKqWNqD9L8w,5,,,
620,GnuFKewHFclApqd_yXnnjw,JW5W4OZCohTvZlRF1jzrTg,4,,,
621,O9TaIPdLrZ_VnQzwFtNv7A,OIDpKC2p61qVO_spPqw1qA,5,,,
622,njO5cv6jDieJ9FFPN3DStg,GSKPa1JkF9UwfakvNyIv7A,2,,,
623,j1HO0xopMX8sWX84UNiRfQ,oP3oYmqGyylvHxZR8ejGQg,5,,,
624,Rzxws4o77wDp3dGw7Y1V0A,_kcHxYPXRYjU4hk2xtCO0w,5,Faith,582.0,2011-06-20 21:30:00
625,Ya17EU5By7NiwiA7YOV34A,WGF29O7lJKb8sgKqtAmS1g,5,,,
626,p87acJKiGDY07_njsTefLg,qjfMBIZpQT9DDtw_BWCopQ,4,Rachel,2331.0,2010-08-29 12:44:25
627,wNwmhzPerLLWzsAovkFKGQ,f92JypFgJ3RQcVIPE0Wz1Q,2,,,
628,DTvOLEwJ56p-_9y0sxs_XA,p7CjOex3xddrbHYpawKt6Q,5,,,
629,5LRp4IsgdoOv3cWn7vI9aA,tNFuy5dJBB4Si4DLeMuL-g,4,,,
630,_EfDCNHPjkZ7c4yyHJuLtQ,PoBREaclFKDkqOQ5Ap5wng,5,Christina,3.0,2008-04-06 02:27:55
631,ZSDnT-TxnDOXfed43-2Ryw,4SQ-coMQkDT63eYyvksYXg,5,,,
632,HgcTd6tWUELE57FK7Amx0g,Badan9zPMOxHgTCwl3C2EA,4,E,89.0,2012-06-19 04:08:40
633,48Mv4oT4Q8MdbFV0CXi3cQ,x7H8hr5q6XWUEw1zDWDKKg,2,,,
634,MA5iblOZ4FWIQ_B3UBKKMA,HYvQKlH_LaPG8-FuJqTw1w,4,,,
635,5s2dsOLWfGEbk8LztH3uNQ,dZpGKP00UuG4b5P9aOVDYQ,3,Jack,113.0,2007-08-19 16:45:59
636,TunQqLbhPJDpncASCgkxmA,22MQF_kXWsFHvY76DaUKSQ,2,,,
637,DhA2QaUSdz2m9GirtOrzJA,AkH0edUmxPnieWabfJQIBA,4,John,317.0,2008-08-21 22:10:07
638,mRCzX9gvXXdQfTfldPWOKw,LAZsJ_F38Ged_PRLksVH-A,5,,,
639,vO3U8-c5_vxRQ1hIrNeeOw,xd8dyISjf_tKU2oPxTIARg,2,,,
640,OsFuXoyrQwmIwj6Yz7QK8w,J2sFnwMsDGREmCFkuI-B3Q,1,,,
641,9kB_3ZwSjvz22matz8L1hw,MyLGJPkC8q5sKTNImKBb9Q,4,Brian,10.0,2010-11-02 05:31:52
642,CQ-dwNoxvYTOD5-HNJEjeA,Sg6nAp9Ru1a2axJACwjNsA,1,,,
643,cApCuVIQdSmCryjmTiSELA,jVMvuv2SlzIf5JOUEbi0tQ,5,Grant,4.0,2013-03-17 13:15:45
644,uzcuenhBRkoqAdQsmFV7mg,XTtQ0vfwjiswCj2sGMolCQ,2,,,
645,N6yfnUjRQb5T29E45Dy0AQ,TcH5GdL7p0QY_Du-tqTijg,4,,,
646,5saZgdwtsXa9u0gBhEHgbQ,bijmaAxNTJ60aWhBxqc3EQ,5,,,
647,NDZ6O3b3eCjFk2Yg5k01MA,LhaYPYXDepWLBzeX5mNTxw,1,Kim,66.0,2010-11-25 14:54:44
648,AjFLTLBbVJOuN_JFzSE4OA,5tszDG6pGIu47nQzbustsg,5,,,
649,JjaYSiafHTLkeqO4hBcLoA,PghWPvdANK-mBh1xv3ugfA,5,,,
650,pQI_GEr0fOd3cq48-7-f5w,gHMNLiwpn0SJEN-EG6mDnQ,3,Simon,46.0,2007-09-10 16:15:12
651,w5cgOrokBLhgnBA8V9yFDA,2-Bo0sktJE5wEnmXBixaHA,5,Tyler,9.0,2010-04-19 18:24:30
652,gMhwE86Ef-mkYMtUxrDtlg,LcVPBNUeENzPlXNbZ2jTQw,5,,,
653,Bh1cIMh_mZArniNQoCwZaA,0MeivhX0kZCfV3zMtHtk9Q,4,Charles,897.0,2009-01-11 04:34:11
654,mi4bOYBYSxdCi24HrAROHA,0FSUz6LDUil2y9yjhwkFFw,5,,,
655,2wKZZmCeM8mSbMGzdTfXrw,qCGEcUohmw5-1RV2WK2a5A,1,,,
656,Y_WqdodRGucYECLUbWBGRw,afX9bbJ01xYU4L3qKbACUA,3,Michael,50.0,2010-02-14 13:31:15
657,IfjrWZaCo2MUgzjeXdvhLQ,UIXCajaEKgTiRCriAS8pmQ,5,,,
658,4NlHWuh192f4Z-6FIxgxGQ,Um5bfs5DH6eizgjH3xZsvg,3,Dianna,3322.0,2011-12-05 05:09:41
659,aJYdgmaY3EwC-SpkfzgOag,zMeKAYMj32OIMPiyIdIw3w,5,,,
660,oQ2wM3ibdAnCMBmhfwAi9A,D7weAtcvX8_I_ULfyuy83w,4,,,
661,hONoNzvKbDWlB2AlAF-6vw,gj2a3Pdr85S476EDcVtr2A,5,,,
662,u4as3T1vLQSX1KFssFDiOg,4P_GCHFMV0mF2SqEWwWgtQ,4,,,
663,-aUWPP2tzV8li0uvYpaY1g,K17847uudqPFPIjSPgxs2A,3,Shane,530.0,2010-07-12 15:40:57
664,TtVxGfc-KMnwWkxGCDXlsw,FI_UbbF0sZ1Bkxnp80vF_g,5,Rebecca,119.0,2012-05-19 02:31:44
665,VJxazz5W7xzOw-MylSeQCA,oQUyojSOb6rdMnusw0M5lg,1,Susan,12.0,2010-01-29 06:17:45
666,xhhmoxmvIJp16ozmxBuZZg,iiRTJ3x2Z4S3d5ZZ24vmdA,2,,,
667,olE4krXhdHesUI6vBM-DNg,2DOVDCbzd2X1cxs0YeFdrg,4,,,
668,Peh0HfcHatme02FWQTa8Zw,jVSDkxfr66ar4_HRArsT9Q,1,,,
669,EwCPJIjWnOWw09N7keBtCA,NEVXtJ4YzoUT6alIo6qEZQ,3,Kelly,100.0,2010-11-21 12:41:19
670,VPWWK2vJefD3wrscKta-mQ,J6BxAGvz_RlO5pjkDqwdnQ,1,,,
671,Cum9y9Vw0kY4YDvjmgTxBw,1DuUJT5NEEE_JWe6iBPjqA,5,,,
672,-5k_80Y-C0TYXkkUd_tjRw,Ivs--Rfty8hpZ-Jf63D6AQ,4,Carrie,48.0,2010-07-27 02:30:24
673,FiBTxmPrJ1RDouZ38GDQqA,q0maahM5jLGufHhN6kR8Xg,4,Adam,159.0,2011-07-01 16:46:02
674,YFp9hHkElfJGvvdo5T9MuA,98jv8gu7kAwa2WzIPdw6-w,3,Joe,605.0,2012-02-03 21:14:24
675,M29Xyh1yMp4mul8m64BJdg,CkY8j94rBlZ8YATXdtSpuQ,5,,,
676,9sLlVcXiFQJfZDJpLmBTJQ,0gVnzSVGYouf7OH6szCGKA,3,Cristina,94.0,2011-02-08 02:53:42
677,EbtqfxRiY6nUmSQA-pIPMQ,bhAB5wo9iLsaExSw4apR4g,1,,,
678,_qA6-L34QD8ruHD7xRI0Yg,ADsAwRQC3nvNvo4Qdvu2HQ,5,Pibi,48.0,2010-01-26 20:17:56
679,8x4WVgu2t2MD48_ftQXrLw,4KNOhaUhegpmZ6sWwJtRTw,4,Megh,103.0,2012-07-05 16:15:41
680,DpECmhxXb4oaeS-60j0J8A,Y_2jMUKz6pvJ0JSWG3u10A,4,Tina,724.0,2009-11-08 22:02:35
681,utPJTkDMGQ_KhtbQSbFrRQ,PEdnj5gXWxOSQvcP6q15UA,5,,,
682,MSZuaItS46OO_47XmktjcQ,BO1xi6vjg46qcwIfJDGIAg,3,Betty,116.0,2012-05-03 13:43:44
683,LuMkMBAUV1B-2dm2pqSBWw,0SpK7eVn5TrpyQKPaohVBw,4,,,
684,pki36UXpStFmbPXNfGnW5A,mfh0N8JSVtLudPZ_tC_Ofg,5,,,
685,qS7BFEqhbnd27HV_eDcurg,mCWR0MzqZE3sKB0mwLjLTw,4,,,
686,55IZAOQHh7XgmVW3-UTt4w,W8fpRnEkikq9OGWFsAbFIg,5,,,
687,8w2nbjeJ1cKbBBMjDmgHpA,vnTFuHAXiEWW7Bq_iIpwBA,5,,,
688,GWjTumbjnJfPKqgFuM0lDg,bqmbKKNZnutdZuvzxifTBA,5,,,
689,81QT9uJgY_dQuD1sLF6psA,cbwA1FlBQbaF0P1UISFVOw,1,,,
690,YwwXtjCW2r4tlodyzUfzKA,-5X3pQ0XrdZqNU1LHQPnpg,4,,,
691,2DOqm6Rrc7ui41a9xPKwOw,nl7tnEi-e-g-0QSF8vW44g,5,Min,53.0,2009-05-24 06:44:23
692,F2RmAvlZ_y4we5mS0Jtp7w,kN09afMzQcuEoMtYRRIu4g,3,Dawn,159.0,2012-06-24 18:20:18
693,3B41BdxNIENFP1EsCCybnw,B0fzg0eUWplNBzfSJsCFDg,3,Denny,584.0,2010-08-11 22:15:35
694,H-U9CQy1f8PTgXRIXZ8tkg,hJCKum4UGiHYlnA7KpMd6w,1,,,
695,kLgcYk9TxIjLe6y6eChetg,g7B4nU8SiXjir8NjCYY2Rg,1,,,
696,5Ord-c6rkWrbWWz39i6J5g,v89gB-GD6AAflPtVL-4iDw,5,,,
697,XDAv3vVYTwCOhGAeeNLXsg,w90KNnzS6Ao3k-njRlCEeA,5,,,
698,dhAiK5f4zNBdG7cBTXJ0gg,KGXEzZqlm9TrO1bLpkgShw,1,,,
699,PlYifdeyiixRZkymbUNqVQ,cFaHx-FkCnzdfF8BccukIg,5,Morton,987.0,2008-11-11 21:13:38
700,jTNgPylmvp37sZ4fWDYX7A,CuqniMUTttHueDc9mGRazA,1,,,
701,EyKE4PxF1DocfP2cCCD8qQ,v8aeoMqdrClqfZxNB4lWCA,3,,,
702,dwgJ7B_r3iuIqX0VpCoRTA,qfm3p0svZIueCPof6Lgjkw,5,,,
703,Dkv4YJVG3vOg12i3GJxc-g,5kcLlhJPLJL_GLwrAdbZAA,4,Clare,438.0,2008-12-20 00:19:50
704,hhNzXq6QnYQUYaBvFL8ggQ,7ktyPHE-NGnWxarOqjIQiQ,1,Chris,416.0,2009-03-02 00:58:09
705,c_9bgCWqAfHXLBJNtUVKhA,NfoAmvEZ3NVTAtOEshCvwQ,2,Parker,288.0,2008-09-27 17:28:45
706,alP0N_bFRdeV1oVeKzvlZQ,tAVuWx4pgvXn5WrRWUljkA,4,Shelika,62.0,2010-06-28 13:26:25
707,AKqi6mgoYb2Enn7yqjAyCA,yH9--fgjVBQjxQ1vcZYTtA,5,,,
708,7P2APt0QnU-nnn-JC4Httg,HIpn9Nwdod31e4vEshxfkw,5,,,
709,kSLjPYN-Di6Mwe-Up_JrhA,lYB2BjAf3cqtOl_i3HOLKg,5,,,
710,6PN2cvx6cCrEXGibVmdhnw,-OCbPl8jDXA-RzGjaQdEQA,1,,,
711,MCsvM0AX9l-UG641iQKacA,M-ioj0zpryMKwY98qCEatg,5,Katharine,89.0,2012-01-30 00:59:14
712,5TN1g0CQ2WQi-Yg1BSFImQ,QrVzVbFQ7vyePxrowVSe4w,4,David,26.0,2009-07-10 00:00:11
713,DkP5rndjNG34M739vR1t8g,iIMs--XG4bKVI9V55ZUNbw,4,,,
714,8KDl6ZlqXL4zlM8ptQWUMg,0O5O06pC4YgqnLVm5MznJg,5,,,
715,4zpACJ-dd3A_rxv-qo62LA,ZuyxS4F2zdBMjghIj1auAA,3,Jenn,331.0,2006-08-25 20:00:44
716,ZBx_hZHW_eLHdDJHX_GBIg,Hv9siU3zfE1zJ-GyBxOQKg,5,,,
717,mx_r8EYx8JooAHa63maSBg,zBWSORvlWDmwtcx6627qWQ,3,Kathy,523.0,2012-07-04 23:17:25
718,OLZynK9C-Er-Oc-zsptu8A,7a2mU2XJr8YQDMg9Z7wvaA,5,,,
719,gftnbgFGjd2hPAdpZTQ09A,OsXAZT67V7SST7YHk4Ou3g,5,,,
720,hdasy3L9uoUCydCiJMbahQ,cYDHDB5n8PRDYTCqeVWzVA,5,,,
721,wNeJFtvJRAOTLNePJVTmKg,K6ouCoiLDaiu5EMYm9SpTQ,5,,,
722,QHNTGvt6_JBe3RBQ3YLwSQ,sNYK8_kyxap1klofJnDqHg,4,,,
723,7yZn4_F0oZG0oJLgGI1C0g,3t2hth7NFZ21lQOHXeQTvw,5,,,
724,itYosAiMADdpOutGI908rw,RhqQNwLWCHArpTwhlaiM9A,4,,,
725,qx-EmVNPINe_3eDMEDUAeA,qsKXDTwhbsZtogfaKIyfoQ,5,,,
726,ycnrk17MxCkAsjKocEg3bg,ekHqweyORBYqSou6pOl2uQ,3,Laura,81.0,2010-04-26 20:59:53
727,7ym4hsISxBUwa3ugL7cL9Q,SEPSy_TUicGdTg-_72aOmQ,5,,,
728,QsD2ddaJ1c7JPcMPI0QTpA,vqaJs9VyVLkbixSetsVKyQ,5,,,
729,7rNRbcMhxSnfOOaYiDgNBw,bbcO-pphyABr7uyGWCMzxQ,5,,,
730,Eb1OSTtYfY-Et9Sa42g8QA,qz1XgXvvtRR8WKyWUXSJig,5,Sean,142.0,2012-02-08 21:31:51
731,YdpWZq5fu85qyrrIyiL-_Q,0JZrLZafhNxLJZ9nnZ2jSA,4,,,
732,Dr2fI8BfdVyasSDG_pnBYA,toGVC_glKwl1oL5fE1odmg,1,,,
733,9IwAYLrVTzcRnLmmAGvDVQ,saQQmDQQJ14BVkm_sg53UA,4,Caroline,187.0,2012-04-22 01:15:43
734,QOvpBY03WUgMRypyC_r2zA,PInbvS6NEEHP7J2sDApVMw,5,,,
735,Wd1N0MxCvwA9EHH7pkon8A,zOXz1t2VdJUpeE9d1thrgQ,5,,,
736,g8bYpcVdj3tItU7v3ntOzQ,KfOG8p1WKeKpud3TzNGnmg,4,,,
737,nAx6LHi2qcvh1Rg9MaqckA,s_tmMM7ZV6LyRosVL0UyhA,3,,,
738,A-AIvNIGCwUplBhjd2OMhg,DAXuBz8W8I0P6Fqden3kjA,3,Miles,17.0,2014-12-29 09:12:27
739,4euQ70qJhaHbkG_iiAEDiA,A9Q-_QpJy1mHjlwwP2RwJg,5,,,
740,bd5QvdMJJYPWK535BMJp1w,na0A2eutW2NtTdu7xMk2uw,3,,,
741,NhbTHrDA_z1QF6L6BhmFiA,P7UyZFw5ynnueQoF0YDEkg,4,,,
742,NCz3xcKkrU6-da8YJXGq9g,SkEIG415vLKFIjbTEVtUSA,1,,,
743,RyVVYd322gIrHk2EGZM5-g,IJJETLhfEVvuUF_UfA7Hug,4,Lola,783.0,2011-09-27 19:24:11
744,gF2MHTRq7XqH_t3XNk9HpA,m3XeAlZN5mBjp7ynqe8_XQ,5,April,137.0,2008-05-02 16:26:02
745,FbHTJfPbg5I_YPBQYooACQ,g2GDpnMMXO9s0-JVIJnfzQ,3,,,
746,V64jmILpu6ZGEv_vN_9cuQ,X6IsF3GWKr09aQlbrd4xOA,5,,,
747,bgwswvl0rI72YMB7a2rTkA,zEiYkOxDzMEQCAHzEB3Yyw,3,,,
748,GSyttRJvd5VqKK6O0WV1Eg,KLS_AWthM9n6KLcBTCF_RQ,5,,,
749,yCNf7tWAahLZVULW9dEhMw,BdWc0IO_lEjV7FlKv_4oZg,4,Christina,14.0,2010-10-14 04:41:43
750,LNmNpXH-tHa736y2NkibBw,tat7n8XnUBvZYFeB0FSzvg,5,Daniel,209.0,2012-04-20 15:40:41
751,MLBz8yi-26Dez0wpuEyvtQ,oe96IfuI5SCR5y0VWq4fkg,1,,,
752,9eeoAUQEJDw0KYV5NPYH-A,-qoyKSF2G3PkR_7XNoJfpQ,2,Stefani,58.0,2005-05-11 13:24:48
753,rnyCUpFeNzS7J0ojgbDKdA,0EgbVtQfdNQq3Tapxwl_sw,4,Sarah,214.0,2011-05-11 19:11:03
754,H9qRr0lRUG-Bmol-Lw2Iiw,njh1nsVTKP2gCfUvbnCn8w,5,T-Rock,41.0,2011-07-08 10:01:41
755,Wx2ORaa8QFmCQd6IxtSeDA,_RamAYhTCx3icKGk32tgYQ,3,,,
756,hVMnaP76DTPsqg9ujXHoog,ElXv0T5jNFHbtDM7nJvGsw,4,,,
757,nH-TalVeXXW2GgFc71fWrQ,2b_ok2fil-4teqRDQC9Yrg,4,,,
758,PAA9HCjWlYRgG-A7hl5EMA,boC2VXdYY0bs4vOw_jD4bQ,5,,,
759,KwgjCrWHjSN_UpFApvgwdg,j6auVeGydK6FavvcyHu_Zw,4,,,
760,CHo2CsqbukzKhTBag244AQ,WVEkcqTB9MC3evztC6EnKA,4,Crystal,114.0,2011-02-09 02:47:54
761,BYWRwOtiLsmABTG2yIHUMg,BAs-S9XcYddgiasMT0-LXw,5,Shahzad,21.0,2011-02-16 23:14:11
762,gj_usrjf1TIkh73H-QO3uw,nBUnQnecIYYWuxk0g5njhw,5,Leah,46.0,2011-10-27 21:15:37
763,fQfAfRvLDSUrnDoh0ByBKA,HuoP7ejN-LSwkO1UIgmtaw,4,Andy,342.0,2008-04-20 16:55:31
764,XiAI47_GWuqV0cxwuYB3Bw,zg2FNzIq6s7n41H1E5NnWg,4,,,
765,Ly4PZdIlbIhLZO6WdDAaPg,uAu772KpSkb-tPFgZmU-lA,3,Susanne,286.0,2008-07-14 15:43:30
766,9mPq8hoJjmu2HQ9rgG3WAQ,GCNt4madLDcdTLstIz66kQ,5,,,
767,j1eC52fAQFNqk0ZzSxyq6g,k5Lv0ZcY4R-uLsBbbqsP_w,1,,,
768,9qCZxJnJTSm1rvrAj2O6Og,ftXAwWq5_3AMSzVviheQSQ,4,,,
769,NgMX1BwJd5meAWEqXVC_OQ,e9pCi-A2zVniFyNqVzBzpA,5,,,
770,iMVBioN1wwtXH7E43PQB_Q,PDTLA3gggc62G0V9XamwFw,4,,,
771,4PRGgyiaeTuiNeG8fSTPhg,be1dU739NLAFbLw2S4RPhA,3,Pamela,20.0,2008-06-28 08:27:40
772,5QXoOzlXejer6vBhLWkrbw,MEyPvp4jfT0qwsbR2kNepg,3,,,
773,IZtEteas_Oruk0skO4BaSA,DUgvASMlwPxHKe6LZSmO4w,5,,,
774,b7-Wi55KPnDFiDbQ3nUgFQ,q5g3dj7DJAPks8p4vZUsHA,1,Todd,243.0,2011-02-03 05:18:45
775,fO9s27ydvmpHuW7V6g7n6g,Snibkmu9icOiNSKvnQEFNA,3,Sarah,419.0,2009-05-17 15:53:29
776,k6gumFSqSexf_8pnrJ9JJQ,gg1-g0_SMysNfkb-nx4x0A,5,,,
777,XM01lQSsLHQhtrCg1bbkDw,XuhpPK0bZgVenkGBh7KA6w,4,,,
778,g4ujvqodo1km7BbG8F0QOw,1q46zMl7G6TAJ_1Ky5tfCQ,4,Mitch,14.0,2010-07-25 23:39:14
779,zZyWqG7EiPqC9iB-NnUYXQ,LJ4nZDrT5w4VDV8JhtqALw,4,Bonita,299.0,2011-07-25 02:25:03
780,28F7TeJvaB2FP1vf1Xr9tQ,l7SMiYxyws04BiuR2fVyPw,2,Katie,11.0,2012-03-06 20:00:10
781,C9Bu77mOcT8O5M1YaTlDAQ,aLfEj-T5HyjbMyFVSFoaIQ,5,,,
782,TP0HYy4GqYtrWMlFIhxw3A,YRsNXrlyvjnr7NLSDwen0Q,1,,,
783,ZyfCRiRf1uLimxm7IXnwQA,CmyqjRa5bICBV9mHgFjyrw,3,,,
784,ZozhWmePmadCZaBrDPWyeQ,OH6KVbvDnGs0zWhYj5A9Yg,5,Samantha,252.0,2010-07-14 03:22:22
785,qQ6B7a5b8dtZlg7n0LBOuw,yXS3NQ9r2eb-uvPhdvfOWQ,5,Natasha,120.0,2013-09-08 00:16:41
786,_1CdSipAK1mysZXfSf2gOA,yBHMWksiTkRNjmMEW5t9Mg,5,,,
787,zBrO_zs81k9U-ZpyR_p8fw,FsbQY_iNJPm4xAZ9vERCBw,5,,,
788,QEuRWU5UR6_z8hSs4pjjEA,jG-t2tqFuZLdqRHNn_y9bQ,5,,,
789,yyAycjhj9pBUWYlZd75IZg,rZ4rHwgqTnP4NUcpG_MQvw,5,,,
790,BMeYOL1Qj95QTb_XU3u-aw,nZ1bQi8LqaDk9a2oyoA7pg,5,,,
791,uIYhNWj3-OsSLH6efqbnRQ,5NXzzCTDza-fBO0jEuhKCA,5,,,
792,QS_m_ymnK6WT-LMnnkF-jA,GU_4tHnCYE6aKGU2XH-zkA,4,,,
793,bIFYvAi3D5HdSvOjTI63GQ,A95oGBHdDNsE6vHwiwLufA,4,Michaela,12.0,2011-01-13 05:01:57
794,du1YuJ9Bwrz60HYvdHxGZQ,ZK3fSe-RvUft4DY_apaTiA,1,,,
795,DAzApIcAqWgDGTuAzfZt7Q,Loe7kgm7UurfezQEMfeYLw,5,Melissa,8.0,2011-08-16 20:37:06
796,Took2Zx2nfXjtOfLhQI9tA,INUDMj7EmrLlTh6qDNprAg,5,,,
797,Pgh9POx-bH7JFggKXqXWMQ,8fL5qUckzt_nAC1uwvbr0w,5,,,
798,1CvkiydhF66ha7G6BG2moQ,B-s-8VUnuBjGTP3d01jsyw,4,Allie,2505.0,2008-02-20 23:52:48
799,fZEWAKvwfbWYHP6ZJRPiVw,hwzrnwUiqJUHSN_Gmpp4pA,5,Jessica,381.0,2013-01-23 02:40:40
800,PP1zi-lfIa0kiwQjPNpDTA,Fh7_muexMO4zJmo3sEFD1w,5,,,
801,pcXlNwB-MNugVS7I0vBp_A,KhhlZrnwPbJsgLN5tNrIFQ,5,Shannon,187.0,2011-09-12 20:07:24
802,h0N47vwJhQMBH9mscX9zhw,11jQWQYTJkzIE6o3s5ID4Q,1,,,
803,39n06H82AMK1_bOPGJJHug,Y1T7sd4TKOe4utqV5hFdMQ,3,Shanti,960.0,2008-10-23 03:33:19
804,cgppGTg8LpqZObn_k69w2Q,TSxzAqKzU2OvjWSLoSU8dA,5,,,
805,WsEr-kocvUQIp111wssxZA,prWt3CRF5IaV_vgI_lNWaQ,1,,,
806,Q8hKGUqd-lNtLDc-d2vMjQ,wLFuvZ59HGUJZ3QBgqlmAg,1,Martin,149.0,2010-11-04 20:01:41
807,vyKiIvMR6aQ5QddXcFJ5yA,_Bc_E_368qHBi70LAWx0mQ,2,,,
808,2QMIwxBiLWoNrtqrucrDKQ,MIUELcIEodpQuSMtwyKayA,2,Brady,140.0,2009-01-09 23:21:47
809,sBV7e0ZWpgSFDs8_-ZZh1g,Qn6Rtn8JbsFiniy_4dA7bw,4,,,
810,41b2ucn68EX9cM13ZV903Q,Kw8tMujemhHpVB_RHwmE3g,3,Sam,453.0,2011-10-08 20:52:21
811,AbSXiVHrNquCbR1JvIy0ew,2bj1PF5a2UurpJ60TS9__A,2,,,
812,_pYWxZrAWBSaF0_OXIS20w,oQL3rYrmWJc2ll-NWfUvEw,5,,,
813,77AdIZqrL9rUHkCOrONhUA,9N694i72zxH1nzoBqhuurA,3,,,
814,RqMow_Q_lqybL3x-P9ArrQ,e455EQQdYK7PNaOI3iAiow,5,,,
815,c_OmzmaAvChkyZM3LTcuBQ,zZV0NpSoWe4pBoyRzhZRJA,2,,,
816,sALG0BJfS_RbDAXTuSvzcQ,N3udcZJAoPzkKkGFt2vHTA,5,,,
817,oWOoki0rpO08d4eMqGFWEg,JC8mflT4OZZtnNYF36L7QQ,5,,,
818,gWU2Yko2aFH00jcFVYsquA,JmyTJnk4MFKjGeiYeyuLAA,3,Peace for,89.0,2011-09-11 15:38:32
819,bg3TAimbMppppLUTfN46nA,R9VOYcIWbNA3Q3qiWF2SsQ,1,,,
820,7nm3cQS0XGRLtsLGwvuYfg,_YABpjeI9VP3NCCQSuliWA,2,,,
821,USQoa-DdoBJaEdB1s726Ug,q5UZGdBhfSe_RlYJWyMtLg,5,,,
822,5-jOuGmG3pR-tV4t-Z_ZEA,xWo5LSE7Tv3gNp-rGE9qZw,3,,,
823,7JKo522z7Fx6VfU27am4Rg,sHfY5a4-HPa9dhSSBvQK6Q,5,Cora,26.0,2010-08-20 23:52:09
824,is9Cja3-8vMjdNmbdcQ8uw,FktJOJIp7b2L4XfpHW79cQ,5,,,
825,itD1_4Pg64fqHcHDZs7yxQ,2_RUpJjj9GcuCr3G-8kk5w,4,,,
826,-a1oXSx2ryjhABWgRmbGMQ,nO7W9zBspe2yBwpLtw18lA,4,,,
827,5ghupdwitZYbNbR9SBuMCg,dp7c_5dy60HfVewu9PQj1g,5,Shary,13.0,2012-08-25 20:04:14
828,S31KpJsHYnBX9Qv5qG1LJA,aAf7ZX3xU4ciPSs-yMFZGA,1,,,
829,f6NTrovoOD4C2ZDUNN2Uww,uG-tg4wzF7DyCm6vWiZAYQ,5,,,
830,5TWmP6zi4aWQygfOC6b9wg,hlqeMCnDH5FkX4TmpRdPeA,5,,,
831,fMGOJq3i_DUUukBg7QU9SA,o6UJMpHcpLJEvmKLrxLS3w,4,Michael,315.0,2011-03-28 01:39:01
832,i7wu9qHYX5tGzffCYb56GQ,qms0w0pmjjjaeNojF3-qxQ,1,,,
833,pIyQ9YmxoQ-UrIs-ANTi8Q,7ktyPHE-NGnWxarOqjIQiQ,4,Chris,416.0,2009-03-02 00:58:09
834,AVcIzk8W04_Au135kR1Qlg,bNkwYxdm9gFBQuqdf0Jb6Q,3,Jason,175.0,2009-06-22 20:58:45
835,SIfeHZB6LSwUauyrJe6F8A,zix4Lki-HrcVxvCQlwmSyw,5,Jeremy,11.0,2010-10-07 14:02:39
836,hG9RTxxivb0ZXzEk4JXTXA,PuvfPONWyhdtRVPWu7kLpQ,1,Sam,18.0,2009-08-29 19:27:32
837,EmJdOOhAdc7La5y37EBqxw,jytULgxk9gDRuZQy0AyusQ,4,,,
838,svljeCrxYjRHnc3obmRu3Q,RNWJx8g-TIMVn1fpNFOCvA,5,Sara,229.0,2012-07-03 10:25:39
839,ulk36r__RoJhfyDVTexo_A,BBQT4vT6z7sQdWoLyNnaEg,5,,,
840,s_X5uNLjLSgK_itDNFiadg,NZdASLiCRqQI1yIl9MIY5w,4,,,
841,BSi8nK7H-dWrcIY17K2MqQ,e98b_pMiub6xxUPTLzkeJw,3,K,102.0,2011-01-24 18:58:00
842,KAD7AekVYfOAFzQnuy-rAg,X5EAMkKCHTpmso9ILIFRUg,5,eliza,412.0,2006-08-16 21:20:26
843,nZyvS000DGcy6Ilv41SSSQ,dQIwtDf6XZ5fipGcNpzsNA,5,,,
844,Ifa0h4i6zA7f0t-ZFdL8tw,1Y38tVMSPH8jwIGw_y_E3g,5,,,
845,GnloZSSEp60TE6YcR_cszg,7rVlXbma0CkPRMsKg5DBPg,5,Maudie,18.0,2012-07-10 17:00:23
846,yRJkUOmrNhpOOn0-FgnqCQ,w8xOsHgh3xi4pHKO1Fs5Dw,1,,,
847,PcB61RR_VL8Bf5uNFM54Pg,T9AtZPYC4W81rylyvOOmQQ,3,David,345.0,2009-02-28 23:26:19
848,qMVwOQNDqYzwodlFJ81GNw,pqlLJVba9KAtahkjvNINYg,4,Caitlin,103.0,2017-03-18 14:31:08
849,JqFt66fEtRl8l1kmMC61_A,v2M0VXEMBt8LGFAHyKIiVw,1,,,
850,JEP_e5vAKDv5z0-IwS82Yw,SUAuGsOSKJqDnUmaFfM2IQ,4,,,
851,EEJ1VuPJ4l77ihnaweHgPQ,2LhPO9L8RoO2_2sa-nEn8A,5,,,
852,nkjr-JtsZIeUvbX41_NNiw,I-wqWdMhZ-cgT4YPxY20gA,5,Jimmy,64.0,2010-03-18 18:40:00
853,Sq_HqVfziIs-NeOAhIUfQg,plMCdb4MQdFIUJ2k2Yndpg,3,,,
854,EHEnA6AIWMSkz44UFuOpPw,H-kSAP2ZjKWGZR9Icj09OA,4,,,
855,BUZbFa_TeoThHW1hwCRfmQ,6w1WssQzBfdckDr2rUOXLg,5,,,
856,cIY-1dh_AggHAseMnMQkng,d8z61FRYZzvEqjWNqS8Xlw,4,,,
857,RcsyeHfZqpGdb9z-AkUdSA,iUeZhkI0OK0BisakOkb3pQ,3,patrick,516.0,2005-03-11 00:03:03
858,OJ4DSE87REOqg_I8uQvE2w,GmSbKlsp0ITmTWO8MIoPGw,5,,,
859,0oN6AFhkj2IOf9gGpfZtxA,Mj8mM0pGHEsTLn5uuU9mdw,4,Sophia,130.0,2008-07-01 12:53:41
860,D4UUwqW7jnKX-dXfoOpmAQ,RgXJC2QHvCMYBhwEvbtBZw,5,,,
861,ssMrjqKRJxH-Rag5pPT5oQ,H2WhI7u2Zc-ozPnKBvhWwQ,5,Matt,1144.0,2006-08-07 00:39:59
862,U-Y5nGkhbVsTWCEGqLibZA,eMHDd029OvjzUhtFPxr5iw,4,Lyndsey,683.0,2013-04-27 21:11:41
863,7vcenpX_SdNZep-k-LUBPA,G9FNs3NkjdO8dCwnsgmJ2Q,5,,,
864,opz0Wckh9unHzfhuKPGr7Q,NA4Z_bDbGC59Ihm4MV7xsQ,5,,,
865,YpHIixkA2K96wFLbI6FHkQ,tt2qIFKZumubxk_UwXhijA,5,Lia,200.0,2007-10-15 02:19:50
866,CCbESGbnZ7PhNZhktuW7lQ,IVq314m087_O-9ooLhWLMw,5,,,
867,YJU56J3q7mWp89xZ4H51tQ,JPhPZcdUXSSeplvPfW7Auw,4,,,
868,5A4UeqNs0RJ91tKuIIA9pw,WuiEYopWZOWOuWQD87fVSw,3,Carol,745.0,2009-06-03 16:15:36
869,_Y1tXKfLmIINKh5hiGhtQA,7GxRNw03EPMNdZ-JnrbFfw,2,,,
870,d-fLREorT830s70gy_NKOA,5l4d8Ul81LRwAB1RdP4GBA,1,,,
871,RZq-EioVPJpBgwbN2aFmVw,xdI0pQeg5GF_3fP31T2fPA,5,,,
872,JydEVCXZA93L0Mec1Fi4fg,l0EEhwwewEh1utchSKgKuA,4,Jas,23.0,2012-12-03 11:57:41
873,oiDwM8swNfCgBW0jaz9xvg,YcJILUiAH5bjiHjkX1y-hw,2,,,
874,grUyLOxISGxC65W0gEJplA,dt0hWaknVSf6ceSv-MNr6w,4,John,67.0,2010-08-13 19:39:14
875,Ax8lbP7yYV_Ag2JwK-LorQ,EJqV61HlYmFEmzcIaRVVOw,1,,,
876,XJwl30x7X22v2aKH4Q7GBQ,_BcWyKQL16ndpBdggh2kNA,3,Karen,4274.0,2008-05-29 12:29:54
877,68gtY300yDEp4Frpa3NO7A,hwKBB5PVOtD5KAfT_ucsYw,5,,,
878,Ycg99K9o-rTbfA5BSZa0yg,rLTcaXXv-r8ziqFw_elaMQ,1,,,
879,JKyXUO-ewDNACZQUag5sqw,UxCu8MMi3gUK-HEz0afwDQ,2,Jasen,290.0,2009-07-08 18:53:41
880,GRCHq50ZC53E6RuWx2ktqA,iSaBsAbSKN6G2r6c-FGuWQ,5,,,
881,_WBtTTBflD9r1fPIxcX-Ag,uJM_dR32MnrPztZZaC1rSQ,5,Jeff,58.0,2011-09-06 21:27:53
882,2hRjKO-1tOfZ0zL8C6CHkA,rSeQlwsBuWzKZYKac7r8Gw,5,,,
883,vs1f5Rpg2TwRfqvQpZJoEg,HwlZoi3J7UKTvqyVfUXr2A,5,,,
884,tse0qavwbKNnnlsdZkpL2g,iMcfYOgyAhQlkjr_xi830g,5,,,
885,MDd6ndWo-NKn4sMy6UvgnQ,g2PdtlXNcAf6OFTp1rGLZQ,5,,,
886,lhmu20G7vcQs9oaNb4bPUg,-qvGATv6LBELWruF24z3-A,4,,,
887,yBcQi45-vXf9MeZS9ZXBmw,WGuhb1GYI_13pX_e92A7zg,4,Jeniffer,52.0,2010-03-28 03:38:48
888,UqUIu24POjFJZ8v57ntYbQ,ekg1bpZjHhHXvSlLWUsfOw,1,,,
889,VFFr-s2HPJBtBRyyBJVWaQ,vtPlEX3-xWqYyo3xaIrnMQ,5,Mirai,143.0,2008-12-27 12:09:42
890,lq_0rwoH_wW_BhczRNx7iA,HifUywUObRg2Wp1zvupwwA,1,,,
891,IDLGZOMnn6JTFXAZ3k8l6Q,x_NfifOcHluxCC84iC-0Rg,5,Lance,13.0,2012-08-02 22:32:00
892,rIJDL05VdmSgnTDeqOJV7g,E3emexIUWqPX6zUsLSZ5Xw,4,Britt,52.0,2010-08-27 06:49:00
893,nFmRdU0dv-RE-058dz1ZaQ,bOei0iogihBsoGwcBlEvmA,3,Max,132.0,2010-09-04 22:34:28
894,Frcb69sNncBiSZ6V120IEg,R-c5M0iJkMxxTxIqTQQZ8w,4,,,
895,pLffaOqWKZ0nmkNQWz3-rQ,2LFCUbzjMQJenKgzZclmpA,5,,,
896,xgiQAlpYkBDjd7Bn_UhIXg,9bibIDm_avdRNs1kjWBRyA,4,,,
897,ZgYaqbKAbDYnWuxG6-wJUw,CjIpmIHt8Ue14czGQo98cQ,2,Lenny,54.0,2010-01-26 20:26:24
898,ac6jcBuWfzs5JYejC45OhA,G282guQMQe6sVzKhK85u0Q,5,,,
899,3lwAyxwk0zxKI8JkINtXXQ,BlJg3Lj8wRBLs71LmAsjEQ,4,Robby,143.0,2010-07-04 11:30:10
900,BAe2yGGtKYS2cuC77dyuIw,XsDKAtfmf2Q8M_9zHvwnOA,2,,,
901,IbOd5J6jv2y9qUylovHqwA,tp8Hka1k8dVzhLwhYFVClA,4,Alexandra,45.0,2011-07-30 00:29:56
902,ARaxXz4N90ew6wG-g5HLYg,TAI2byXVLAam6uB8fao3pw,2,,,
903,jZ-VRHMJgWv6eNOdN-7Kzw,i_J86e4f0BCRPFlWGdnl7w,5,,,
904,JjzsXc2o_u0CbfKeJQPTNw,5BL_mcIfYvU9L08syGCfEg,4,,,
905,PUyYGCPFUVy7AHVqlI2-aQ,vFZUDAxiFZlEQgkV3VSsBA,5,,,
906,RQ1MSJ6Rn4AZ2IJqEc6_vQ,9FKK21qKSxYoAIBUs4HzvQ,5,,,
907,35I5ZE_kWNVWy93K3Qb0rg,rfvy5rlM-hauLAu5O0hLsg,5,Errin,50.0,2013-01-18 19:07:09
908,JFjQ5RntPGhsNO2agAEYtg,c8qFkI_VusWo0xZvkjfBWQ,5,matthew,374.0,2005-05-14 16:32:28
909,1Ejkx1stGB11yYfU17UQCA,SVTrj5zc7REiktlcwa-z7Q,5,,,
910,6QY0KfUbIMSbVVNnSSes-g,kp0VIIHduhfVQSvsgRtskg,4,,,
911,wAcqPJ0fA--rGQ9Mvj63tg,xBNoFLK5NXzME_kV_ixfdg,1,,,
912,GNRfE14cCOBA3XasHftbDA,OqEP5BAqe599Fxra7Xe_bw,4,,,
913,pD3eUWVZh7BRrj-ldf4LoA,u3QY-afIktF3iUYHiKYT0g,1,,,
914,g734ECK2zY-JrGmvzom10g,qwV1iiQRv6VukrUeirqToQ,2,,,
915,YM47FT1FlrhTqBPUI4_KvQ,pjIgWQ_x3zdJEjN35nARWA,5,,,
916,tQ0XA97ameRN3UBxEdbsgg,1Y6JyxClyJyJoEqn2Goi_Q,5,,,
917,82O69BTaAmwLGb4z20wUiA,FeATs94eA1qDqoJR3nF67Q,1,,,
918,eR2WN8v6l52W0jJ3NJIv-Q,iXzIbm_zyZ6tZUM3amuJNQ,4,,,
919,qHU0E4AMN9kTGAgfVZQSGQ,JjX-bYG0O5B21fklcZhmog,5,,,
920,EWmkTBDTjOQpckZtyMudIQ,IZ6HdSnPbJqvvG4S6GBaWg,1,,,
921,Ira2eu1GBLZhSF3U89lhNA,vuy4owE3qqM-VZ20AkIipw,5,Natalie,20.0,2010-09-19 02:54:28
922,2-gsHxBhcJ8ISR3ExmZ88w,FfqnMS16PhYcXucWnIscgA,5,,,
923,8N3IPLBJ5MH74NKfU-yayw,PEAKaHUmII5hoOBNcRgdCw,4,,,
924,5JjukJUjOScwDBcFRmUYag,NhrE1Sbr8Zb5mWmWb7j_LQ,5,,,
925,nxaau-glIc1QSYHHN1dbiA,DD9G_OSTN2xCjOBxHozTIA,4,,,
926,P6Kbftcn5GwvIo2xQyXFBg,fSR8LJJ0Aa3w8HoaGyXYCA,5,,,
927,lqEa3ctJXMfAlA6RPiGrPA,NPlCYdlumqM_Qgsi3Z_zaQ,4,,,
928,Tk9jatdQqzbiZd3e_HcZoA,_MQIjNg1lyNFuHYXXYzQ9Q,5,,,
929,ttN6B9kanqlxOK-CbU3BLg,rdReTdv-T1008_0aTZATqg,5,,,
930,A5RRp6HJOmoUKMfQFe0UNg,GwQEC1pEtRGMyhOCEizlLg,5,,,
931,E-yGr1OhsUBxNeUVLDVouA,MfDqmwzf1WxvJFtiRKi4Sg,1,Sybil,100.0,2009-09-26 12:46:19
932,O-mQDmlUSDBURgiSTn75eg,5Fk3pRHy5iqu3Bvo_zj5DA,3,Taylor,51.0,2009-10-02 23:11:15
933,4xWhGHrlX_F-lr0-JhyFTw,6jna5W1aqs4amKwBoCH2YQ,4,,,
934,3JPkxBo5HZBqsEfkNALKhg,d_fc9n5mQFFdoUxrOSeMAQ,4,Bob,111.0,2008-06-06 12:13:19
935,Ssfv4gZ_xynqi8ipfzAs3Q,yPdPATvZ95l366Pp8nVzLQ,4,Angela,375.0,2010-11-01 16:35:26
936,VQw3NHNQrJoxKpv-7Z8W2g,3V_eOrneBc8Y0HmxKys6Yg,5,David,58.0,2008-05-22 19:32:24
937,QYulveDJFu7Qnl7EQKjG0w,YnT7fzXSQRHOuCKZTwkQVw,5,,,
938,gnEmBGyBs7DOtIXGmJQdKQ,XuadFePn8P6l5epbEFnfKw,4,,,
939,o0RrxYEdVcKZtYKAEJCUNA,CJ1qOThxVs_V6VTYRL4Eaw,5,,,
940,BSX4AOxPmMXTrgaqJJwt-w,OSJ72ePGrAYxNN_dUIxZoQ,4,,,
941,I7XGtAW-KkzVDvtCvXAY0g,ulSJonL748r7a1W-t53z9w,1,Rafael,49.0,2010-01-21 21:50:48
942,wXcsMgO27jDlr_8xuhn-pQ,CqRAt1eogaHCBBtF_shemg,5,Scott,22.0,2010-03-13 18:40:02
943,srw8FcuizFYyHRWnLsYVOQ,7BXXIL5yqKE-lk_uuq8wHA,3,,,
944,aQrkqLr6ualAe94-YwYXiQ,2yow2jF1U5s2Mv-5aeLhWg,5,,,
945,iuwbcokeZwBNOnU1F3DI-w,Fdrt8GUWl1jyN6EWS7mW2A,5,,,
946,AoK4JBbc8_4H8sMGyInY_w,SAcg8qt12JKyN5yLDjniaw,5,,,
947,lu5_R05VXvKpHCIH_bPolw,Q8t6yZx8N6jea41GYwlIQw,4,,,
948,NElfLcKdeTwS86PTPEkWjw,H8NDL9vdqls0s48aHj7sSg,2,,,
949,oyPscvzbdr9Cs2Q4fJlPCw,SNeyQTRtCwow-8eS-RalZQ,2,,,
950,cp12LEo_c7SNbpscnbYjfA,1sgV5TOLiKCCi84No37qCA,3,,,
951,k5foen6qbRssONseGEc0aw,GZkFjlhsCmIxkxPywouEKQ,4,,,
952,kaig0jLD975wUkXCHwSsnw,3JuwxZpmcmlkR3sHM9SLig,1,,,
953,ly8zfN5hp4s57_MfL6sOEA,IlizsR-UvmFa1V9iskTYjg,5,,,
954,FNvdUOSG54IXzTXTYT6F9Q,J4U35rKMJu91Y2R9orntIg,5,,,
955,UVyf-nDeSNrpJsDpbHJZGg,wMRABJye-vljUZxI2y7YTA,5,Michael,390.0,2010-03-02 22:31:16
956,lNioGFDOBciKxNd2ScWz7w,hV2sAyRMoR8nl4QKooT-oA,5,,,
957,LyvpeUzOTmdPcg0VreiNIQ,OsAl8AbQMzOkqp2OMTvZww,5,,,
958,kyjaqazHasxVAweZG2xxPw,jqTa-RtGU26q3TFTmMZOAw,2,Wesley,218.0,2009-04-17 16:02:02
959,YsO0W7CJVDwDyD4rLJXT2w,T4ZUbz-rN5Lue9oJ5z8SMw,4,,,
960,cQfnW8ICklfTjsZg7a7Wwg,9n--D6pBfsJM7UJuZMVzAA,5,Andrew,14.0,2009-12-30 03:34:22
961,mO5ORZk4nlKLtMI0PHMHtw,yiKkxcuQdB04PVUW7OgtNw,3,,,
962,REBUkv1sD96KNEc9-GmtgA,OGWgaedcQxTPH6jnShdbjg,2,,,
963,Ci4-cJGw2rSEawQKaL0oTw,IoJCMMA9fNaSZ_WXGpnwbw,1,Kevin,125.0,2011-10-23 04:34:12
964,jHQiGVYdbT-9lQJmSg5rWQ,KepicN2NnZ5aPXVlBypHOQ,3,John,154.0,2008-07-21 16:08:50
965,2sS7PKfT06YeX-KJkgC-gQ,5_vnXPI9dVsWuhkbBfNyHg,2,,,
966,uQgLKU8M6k5O809xc97EyQ,v62bgesQ-CSGDS1rNqXZsw,1,,,
967,ssHxl6hukWdxl3CMgs4zyQ,yEBHkmp0qGax6d-gk0Wr9A,5,,,
968,Ug7X5xfd3YsnZwniqZ2HkQ,-THLGnsYKu3yQAsy_tt1fw,5,Brittany,947.0,2011-02-16 02:36:34
969,qBJlgEwSLoW1WYFc7qOONw,4fuO9GqV6ldWqorzo6AbYA,4,,,
970,3EW04QGhYTskWEzKDewhoA,EMtkhNu-zv7QxokNRUB7Kg,5,Andy,16.0,2011-05-12 11:06:42
971,cbYsdDN5bomxCXCNnMps6g,-FFgJuDZLmcZtrxDTRC7sg,5,,,
972,ac8npV9fJuZ0eCUwZZ7Muw,owTo8BNa8A3jT8bnU4Tb0A,5,Kimberly,2.0,2011-03-17 20:25:43
973,XcH0DTa6rc6OBm5kNci3BA,QD0DRN_ZY5czjHjzopEZzw,5,,,
974,oVSmMGam9q_oh2XMNjDCcw,2vvGv46x-nHQyk8GxJ23PA,5,,,
975,UzY0Z5Mb-ynGtwdAjCygAQ,4-A1SpF3lN-bXP_e54gAew,5,,,
976,-cHtqHUY02Wq3GfA-WQ2tg,gXa1HYlzq63Y3AF8X2Qj0w,2,,,
977,pvM11aNlL7Di1m4Ce8Vc1Q,3KQPKFsnNdeAOqo5f8vTfw,5,Pages,92.0,2011-11-21 20:33:18
978,gciXwamF0DoYp7WFqwl1vA,tZuBp2yXvyS0l7bnyBNSfA,5,,,
979,yEs51XOFi4dmEfBAkCAFPQ,PTVLT2wEUrFgr_hT5uldoA,4,Michelle,963.0,2014-09-16 23:06:18
980,_zfr4ImlsKPKO7NClwlDvA,1OkMhU3AfrTGiXmq-q0AiA,5,,,
981,lkdzFSsG-W1v7pP3nFMrGQ,9a3N79voBcU4H9XQ8Ddb_Q,5,,,
982,DJYMt0yId5Xm_ntDDSlCcQ,8C8XSxu9iGIRzFncKcUsrg,5,Melissa,314.0,2009-07-08 12:43:03
983,8YLmnA2LuDj_XqEkc_GnzQ,4qEBMFM2SiGe3oHCRfyNwQ,5,,,
984,B94MdZHqZrfbefh5puju_w,b5o-ElYdBPZKix1oOhPoiw,5,,,
985,Hvw1Hxmla7phoWVpyxBCHQ,ncWuUSITGNp8Q2-WHjtCLw,2,,,
986,FEcORupb9Fep465-KFUKcw,6AYTZLiwTHIn4gTbCl7JMA,3,,,
987,o8Amz_DLuluPmF6HD9Lesg,sws7O4Ek6gq6fTRA5d-rWw,4,Kelly S.,5.0,2011-11-09 03:11:11
988,zQ-WQotzv7NtuKxfMfpDKQ,PAB1PweErWD3J82ccNRvdg,2,Didi,19.0,2011-09-06 17:24:18
989,z9s96krlSZRoN0XKzCVbAA,Dg2AUgE5DeN9MzAbVk40Vg,5,,,
990,8mdUFkIoMxInUUOz_Z_jiw,9-T_Oy39g2KGAo5SyotUeQ,5,,,
991,Hl1Br1bfe4L1LsS-zTI0wA,sdOaLa_5SmjyAcOX8UaHgQ,5,,,
992,WgOgzilNuRmJn4rlGvBdmg,qW-tsQxYUqLb1gx_Uj-MrQ,5,,,
993,V8dVnEHMdDNxCX6yFFam2Q,HjMKmLryj5emWPXcpBvt6Q,5,,,
994,Y-FxkPJQiAkgC5-WummstA,vx0Hkm2dPnawQBGCso3__w,4,,,
995,XMWg7adwVBKqIl_e_TTtuA,syyKcKPFILDysHWmtka-aA,5,John,3.0,2013-12-23 00:14:04
996,BGZ3GtcXhtIEPIkyLVuKDQ,_lgLNzpzf3qmbwySBakxEw,4,,,
997,lm7Q8pH26kqx1gbjCJ16ZQ,Sh_vUlHHY2Kuj14eF8NYZQ,5,,,
998,Lo2giVeSNDvatEAGZRikWQ,YwMD-AVT67fmYRGxnlRSPA,5,Dan,262.0,2009-12-30 08:43:10
999,HBCwI0ahXuni3x030HGKFA,WKe2b_EeLBnZ3lZV5WKYGQ,4,,,
